,,,,,,,,,,% of FGA by Distance,% of FGA by Distance,% of FGA by Distance,% of FGA by Distance,% of FGA by Distance,% of FGA by Distance,FG% by Distance,FG% by Distance,FG% by Distance,FG% by Distance,FG% by Distance,FG% by Distance,% of FG Ast'd,% of FG Ast'd,Dunks,Dunks,Corner 3s,Corner 3s,1/2 Court,1/2 Court,,-additional
Rk,Player,Age,Team,Pos,G,GS,MP,FG%,Dist.,2P,0-3,3-10,10-16,16-3P,3P,2P,0-3,3-10,10-16,16-3P,3P,2P,3P,%FGA,#,%3PA,3P%,Att.,Md.,Awards,-9999
1,Amen Thompson,23,HOU,PG,79,79,2953,.534,7.8,.889,.383,.333,.112,.060,.111,.573,.760,.486,.325,.333,.216,.530,.960,.209,201,.586,.235,1,0,,thompam01
2,Kevin Durant,37,HOU,SF,78,78,2840,.520,16.4,.673,.065,.145,.307,.156,.327,.572,.820,.610,.533,.512,.413,.472,.731,.042,54,.102,.500,0,0,AS,duranke01
3,Desmond Bane,27,ORL,SG,82,82,2756,.484,13.5,.646,.226,.251,.105,.065,.354,.535,.662,.480,.476,.397,.391,.526,.796,.002,2,.197,.440,0,0,,banede01
4,Toumani Camara,25,POR,PF,82,82,2731,.440,18.1,.336,.175,.135,.020,.006,.664,.579,.724,.433,.278,.600,.370,.659,.886,.051,39,.296,.331,0,0,,camarto01
5,Jabari Smith Jr.,22,HOU,PF,77,77,2705,.450,16.8,.499,.137,.147,.155,.061,.501,.537,.744,.524,.424,.390,.363,.670,.966,.069,65,.357,.374,0,0,,smithja05
6,Mikal Bridges,29,NYK,SF,82,82,2692,.490,15.0,.564,.202,.144,.168,.049,.436,.582,.779,.511,.463,.383,.371,.684,.987,.039,36,.455,.403,0,0,,bridgmi01
7,Scottie Barnes,24,TOR,PF,80,80,2681,.507,10.6,.801,.302,.249,.181,.069,.199,.557,.723,.446,.483,.429,.304,.557,.926,.112,114,.259,.293,0,0,AS,barnesc01
8,Tyrese Maxey,25,PHI,PG,70,70,2661,.462,14.9,.601,.232,.203,.094,.073,.399,.525,.675,.431,.418,.450,.367,.378,.595,.021,29,.077,.370,0,0,AS,maxeyty01
9,Jamal Murray,28,DEN,PG,75,75,2652,.483,16.3,.586,.127,.195,.140,.124,.414,.517,.688,.460,.524,.423,.435,.342,.563,.009,12,.107,.517,3,3,AS,murraja01
10,Derrick White,31,BOS,SG,77,77,2625,.394,19.2,.422,.073,.159,.125,.065,.578,.487,.790,.403,.482,.361,.327,.474,.718,.013,14,.114,.384,0,0,,whitede01
11,VJ Edgecombe,20,PHI,SG,75,75,2623,.438,14.8,.591,.222,.176,.124,.069,.409,.496,.629,.376,.422,.507,.354,.437,.812,.068,58,.138,.345,0,0,,edgecvj01
12,Julius Randle,31,MIN,PF,79,79,2610,.481,12.1,.713,.270,.229,.140,.074,.287,.547,.709,.480,.456,.337,.315,.439,.853,.053,58,.220,.329,0,0,,randlju01
13,Brandon Ingram,28,TOR,SF,77,77,2604,.477,14.8,.726,.147,.136,.266,.177,.274,.512,.725,.383,.504,.447,.382,.424,.933,.042,42,.252,.539,0,0,AS,ingrabr01
14,Nickeil Alexander-Walker,27,ATL,SG,78,71,2603,.459,16.3,.474,.216,.128,.078,.052,.526,.525,.643,.412,.452,.419,.399,.519,.920,.010,11,.262,.479,0,0,,alexani01
15,Jalen Brunson,29,NYK,PG,74,74,2590,.467,15.2,.642,.116,.222,.207,.097,.358,.522,.673,.476,.489,.517,.369,.213,.559,.000,0,.167,.409,0,0,AS,brunsja01
16,Payton Pritchard,28,BOS,PG,79,50,2556,.464,18.4,.485,.083,.171,.173,.057,.515,.556,.714,.583,.529,.323,.377,.245,.736,.000,0,.075,.524,0,0,,pritcpa01
17,Kon Knueppel,20,CHO,SF,81,80,2551,.475,17.9,.408,.141,.171,.078,.018,.592,.548,.712,.443,.529,.316,.425,.591,.923,.017,17,.209,.530,1,0,,knuepko01
18,Jalen Johnson,24,ATL,SF,72,72,2532,.489,12.0,.722,.252,.273,.144,.053,.278,.541,.735,.433,.441,.446,.352,.481,.825,.073,87,.065,.227,0,0,AS,johnsja05
19,Dyson Daniels,22,ATL,SG,76,76,2520,.517,7.3,.849,.409,.382,.057,.001,.151,.576,.711,.434,.568,.000,.188,.574,1.000,.077,55,.333,.179,0,0,,daniedy01
20,Paolo Banchero,23,ORL,PF,72,72,2502,.459,11.1,.761,.289,.261,.151,.060,.239,.507,.700,.409,.351,.406,.305,.445,.762,.057,57,.178,.429,0,0,,banchpa01
21,Donte DiVincenzo,29,MIN,SG,82,82,2494,.406,20.9,.229,.103,.089,.028,.010,.771,.497,.581,.419,.435,.500,.379,.621,.906,.019,12,.228,.374,0,0,,divindo01
22,Jaylen Brown,29,BOS,SF,71,71,2443,.477,13.6,.738,.160,.262,.171,.145,.262,.523,.745,.484,.451,.435,.347,.324,.536,.027,32,.119,.396,0,0,AS,brownja02
23,James Harden,36,2TM,PG,70,70,2438,.434,16.8,.490,.139,.224,.093,.033,.510,.495,.660,.429,.467,.324,.375,.114,.414,.001,1,.052,.333,0,0,,hardeja01
23,James Harden,36,LAC,PG,44,44,1559,.419,16.8,.495,.137,.233,.086,.039,.505,.492,.689,.417,.455,.333,.347,.122,.393,.000,0,.057,.182,0,0,,hardeja01
23,James Harden,36,CLE,PG,26,26,879,.466,16.7,.477,.142,.205,.111,.020,.523,.500,.600,.458,.487,.286,.435,.095,.450,.003,1,.043,.750,0,0,,hardeja01
24,DeMar DeRozan,36,SAC,PF,77,77,2406,.497,14.2,.854,.091,.184,.302,.277,.146,.527,.758,.573,.484,.468,.320,.420,.894,.010,9,.361,.377,0,0,,derozde01
25,Alperen Şengün,23,HOU,C,72,72,2398,.519,8.5,.883,.285,.414,.146,.038,.117,.547,.722,.501,.415,.256,.305,.422,.825,.080,77,.053,.429,0,0,AS,sengual01
26,Miles Bridges,27,CHO,PF,77,77,2387,.460,13.8,.573,.231,.286,.041,.014,.427,.554,.718,.460,.395,.267,.333,.523,.926,.073,65,.279,.363,1,1,,bridgmi02
27,Rudy Gobert,33,MIN,C,76,76,2380,.682,2.3,.990,.780,.193,.012,.004,.010,.689,.773,.379,.500,.000,.000,.657,,.430,189,.400,.000,0,0,,goberru01
28,Ryan Rollins,23,MIL,PG,74,67,2376,.472,15.6,.560,.204,.152,.130,.074,.440,.523,.700,.369,.507,.382,.406,.248,.636,.015,15,.214,.433,0,0,,rolliry01
29,Bam Adebayo,28,MIA,C,73,73,2365,.442,13.3,.651,.205,.252,.148,.045,.349,.509,.685,.450,.426,.308,.318,.612,.961,.079,81,.313,.320,0,0,,adebaba01
30,Cooper Flagg,19,DAL,SF,70,70,2344,.468,11.5,.796,.218,.311,.151,.116,.204,.513,.742,.453,.444,.331,.295,.402,.708,.071,74,.119,.276,0,0,,flaggco01
31,Donovan Mitchell,29,CLE,SG,70,70,2342,.483,15.7,.561,.189,.192,.113,.067,.439,.577,.664,.565,.541,.426,.364,.275,.607,.014,16,.120,.392,0,0,AS,mitchdo01
32,Trey Murphy III,25,NOP,SF,66,66,2341,.470,17.0,.462,.210,.154,.071,.026,.538,.577,.783,.401,.440,.333,.379,.721,.832,.107,103,.096,.481,0,0,,murphtr02
33,Brandin Podziemski,22,GSW,SG,82,43,2333,.455,16.5,.524,.150,.174,.130,.069,.476,.531,.700,.556,.398,.350,.371,.548,.824,.009,7,.143,.593,0,0,,podzibr01
34,Karl-Anthony Towns,30,NYK,C,75,75,2322,.501,10.8,.703,.408,.224,.034,.037,.297,.557,.632,.481,.486,.263,.368,.577,.947,.079,74,.049,.467,0,0,AS,townska01
35,Jaden McDaniels,25,MIN,PF,73,73,2316,.515,12.4,.691,.224,.278,.138,.051,.309,.562,.740,.467,.509,.439,.412,.653,.922,.093,65,.372,.462,0,0,,mcdanja02
36,Onyeka Okongwu,25,ATL,C,74,63,2297,.480,13.8,.555,.230,.274,.045,.005,.445,.564,.687,.470,.538,.250,.376,.747,1.000,.069,53,.269,.388,0,0,,okongon01
37,Luka Dončić,26,LAL,PG,64,64,2289,.476,17.8,.524,.076,.198,.186,.063,.476,.575,.829,.595,.509,.402,.366,.219,.382,.003,4,.058,.200,0,0,AS,doncilu01
38,Wendell Carter Jr.,26,ORL,C,78,78,2288,.512,12.5,.645,.333,.163,.100,.049,.355,.618,.783,.413,.484,.452,.319,.736,1.000,.160,93,.332,.307,0,0,,cartewe01
39,Collin Gillespie,26,PHO,PG,80,58,2282,.418,21.3,.314,.056,.082,.128,.048,.686,.455,.511,.449,.444,.425,.401,.375,.746,.000,0,.151,.448,0,0,,gilleco01
40,Bub Carrington,20,WAS,PG,82,48,2271,.424,20.1,.441,.053,.109,.116,.163,.559,.443,.615,.259,.488,.479,.408,.290,.698,.011,6,.130,.389,0,0,,carrica01
41,A.J. Green,26,MIL,SG,78,68,2270,.424,24.1,.104,.026,.019,.032,.026,.896,.469,.563,.500,.500,.313,.419,.700,.927,.002,0,.258,.503,0,0,,greenaj01
42,Julian Champagnie,24,SAS,SF,82,68,2266,.437,19.6,.257,.154,.078,.020,.004,.743,.599,.755,.389,.286,.333,.381,.698,.974,.042,28,.363,.398,0,0,,champju02
43,Nikola Jokić,30,DEN,C,65,65,2265,.569,11.5,.739,.216,.374,.110,.040,.261,.636,.755,.589,.597,.533,.380,.564,.804,.019,19,.061,.556,0,0,AS,jokicni01
44,CJ McCollum,34,2TM,PG,76,60,2264,.455,16.4,.558,.135,.185,.146,.092,.442,.519,.641,.479,.515,.425,.375,.347,.665,.003,3,.151,.351,0,0,,mccolcj01
44,CJ McCollum,34,WAS,SG,35,35,1082,.454,17.0,.539,.108,.187,.159,.085,.461,.505,.632,.455,.524,.422,.393,.326,.667,.004,1,.135,.424,0,0,,mccolcj01
44,CJ McCollum,34,ATL,PG,41,25,1182,.456,15.7,.574,.158,.182,.136,.098,.426,.529,.646,.500,.506,.426,.357,.363,.663,.003,2,.165,.295,0,0,,mccolcj01
45,Shai Gilgeous-Alexander,27,OKC,PG,68,68,2259,.553,12.6,.774,.228,.173,.273,.101,.226,.602,.754,.485,.586,.504,.386,.183,.270,.015,20,.054,.313,0,0,AS,gilgesh01
46,Matas Buzelis,21,CHI,PF,77,77,2248,.463,14.5,.486,.319,.145,.013,.008,.514,.583,.661,.450,.231,.500,.349,.553,.925,.092,79,.253,.368,0,0,,buzelma01
47,Saddiq Bey,26,NOP,SF,72,64,2246,.451,13.6,.574,.270,.209,.071,.024,.426,.514,.625,.455,.319,.348,.367,.442,.927,.047,45,.308,.394,1,0,,beysa01
48,Max Christie,22,DAL,SG,77,68,2244,.441,18.0,.385,.137,.141,.062,.046,.615,.502,.717,.373,.422,.364,.404,.579,.917,.043,26,.357,.453,0,0,,chrisma02
49,De'Aaron Fox,28,SAS,PG,72,72,2231,.486,14.4,.623,.201,.204,.151,.067,.377,.580,.710,.551,.468,.529,.332,.302,.702,.013,12,.213,.488,0,0,AS,foxde01
50,Immanuel Quickley,26,TOR,PG,70,70,2231,.443,17.7,.474,.105,.178,.150,.041,.526,.520,.705,.478,.456,.459,.374,.426,.865,.004,4,.143,.382,0,0,,quickim01
51,Kris Dunn,31,LAC,PG,82,68,2230,.476,14.3,.551,.187,.270,.082,.013,.449,.559,.719,.481,.487,.333,.374,.449,1.000,.040,17,.411,.443,0,0,,dunnkr01
52,OG Anunoby,28,NYK,PF,67,67,2224,.484,14.5,.494,.310,.106,.055,.024,.506,.584,.719,.365,.318,.421,.386,.668,.968,.173,126,.459,.439,0,0,,anunoog01
53,Royce O'Neale,32,PHO,SF,78,67,2213,.421,23.0,.168,.061,.083,.021,.003,.832,.486,.684,.346,.462,.500,.408,.588,.934,.006,4,.171,.528,1,1,,onealro01
54,Quentin Grimes,25,PHI,SG,75,19,2206,.450,15.7,.497,.254,.143,.040,.060,.503,.568,.734,.454,.367,.267,.334,.587,.882,.053,35,.226,.419,1,1,,grimequ01
55,Deni Avdija,25,POR,SF,66,66,2199,.462,12.7,.631,.290,.243,.070,.026,.369,.547,.683,.417,.493,.393,.318,.390,.792,.023,24,.115,.333,0,0,AS,avdijde01
56,Naji Marshall,28,DAL,SF,74,47,2184,.510,11.3,.741,.210,.370,.135,.026,.259,.587,.773,.553,.459,.238,.291,.493,.952,.012,10,.469,.340,0,0,,marshna01
57,Cade Cunningham,24,DET,PG,64,64,2172,.461,13.2,.692,.179,.300,.140,.073,.308,.514,.638,.468,.458,.506,.342,.291,.488,.041,44,.049,.389,0,0,AS,cunnica01
58,Reed Sheppard,21,HOU,SG,82,21,2147,.430,19.9,.391,.074,.124,.126,.068,.609,.486,.643,.470,.412,.484,.394,.356,.749,.018,16,.144,.494,0,0,,sheppre01
59,Devin Booker,29,PHO,SG,64,64,2146,.456,15.3,.691,.138,.169,.235,.149,.309,.512,.673,.468,.480,.464,.330,.337,.631,.014,14,.081,.300,1,0,AS,bookede01
60,Anthony Edwards,24,MIN,SG,61,60,2137,.489,15.8,.582,.180,.149,.150,.104,.418,.554,.756,.481,.492,.398,.399,.302,.561,.045,48,.089,.478,0,0,AS,edwaran01
61,Tim Hardaway Jr.,33,DEN,SG,80,6,2127,.447,20.8,.294,.074,.089,.067,.064,.706,.541,.672,.435,.538,.540,.407,.782,.893,.024,16,.193,.453,0,0,,hardati02
62,Jaime Jaquez Jr.,24,MIA,SF,75,1,2121,.507,9.6,.800,.271,.407,.095,.027,.200,.555,.718,.470,.483,.440,.317,.443,.948,.027,22,.344,.429,0,0,,jaqueja01
63,Duncan Robinson,31,DET,SF,77,77,2113,.456,20.8,.232,.083,.119,.021,.009,.768,.605,.741,.530,.600,.333,.410,.745,.977,.006,4,.265,.387,0,0,,robindu01
64,Jeremiah Fears,19,NOP,PG,82,49,2112,.434,11.9,.696,.326,.222,.101,.047,.304,.480,.610,.377,.373,.298,.330,.369,.693,.022,20,.124,.474,0,0,,fearsje01
65,Donovan Clingan,21,POR,C,77,77,2094,.520,10.9,.640,.471,.155,.006,.009,.360,.621,.661,.509,.250,.667,.341,.577,.929,.205,119,.069,.176,0,0,,clingdo01
66,Kawhi Leonard,34,LAC,SF,65,65,2085,.505,15.3,.646,.128,.205,.204,.109,.354,.569,.752,.566,.525,.445,.387,.330,.570,.044,46,.092,.415,0,0,AS,leonaka01
67,Evan Mobley,24,CLE,PF,65,63,2074,.546,9.6,.757,.406,.254,.073,.023,.243,.626,.791,.445,.444,.300,.297,.654,.887,.253,207,.139,.207,1,0,,mobleev01
68,Andrew Wiggins,30,MIA,SF,68,68,2063,.475,14.3,.594,.224,.206,.102,.062,.406,.516,.679,.462,.333,.412,.414,.460,.942,.034,26,.249,.482,0,0,,wiggian01
69,Jake LaRavia,24,LAL,PF,82,43,2061,.459,13.9,.535,.247,.235,.046,.008,.465,.579,.721,.488,.333,.250,.321,.716,.987,.075,37,.486,.297,1,0,,laravja01
70,Pascal Siakam,31,IND,PF,62,62,2057,.484,12.2,.746,.213,.277,.183,.074,.254,.527,.695,.534,.412,.294,.358,.482,.857,.010,9,.157,.413,0,0,AS,siakapa01
71,Cason Wallace,22,OKC,SG,77,58,2046,.432,14.5,.507,.274,.175,.039,.019,.493,.510,.656,.324,.348,.455,.351,.503,.950,.060,29,.330,.368,0,0,,wallaca01
72,Devin Vassell,25,SAS,SG,67,65,2044,.437,19.1,.428,.089,.061,.180,.098,.572,.508,.657,.348,.500,.486,.384,.671,.964,.029,20,.299,.411,0,0,,vassede01
73,Stephon Castle,21,SAS,PG,68,67,2038,.471,11.5,.701,.310,.262,.109,.021,.299,.531,.680,.425,.382,.412,.332,.362,.975,.080,60,.230,.339,0,0,,castlst01
74,Derik Queen,21,NOP,C,81,48,2023,.473,7.9,.882,.405,.302,.096,.079,.118,.502,.607,.438,.361,.373,.261,.405,.913,.078,47,.341,.300,0,0,,queende01
75,LaMelo Ball,24,CHO,PG,72,69,2017,.407,18.9,.405,.112,.185,.087,.022,.595,.464,.583,.409,.426,.481,.368,.252,.621,.006,6,.122,.444,0,0,,ballla01
76,Naz Reid,26,MIN,C,77,3,2007,.456,15.8,.486,.147,.258,.077,.003,.514,.556,.711,.529,.358,.333,.362,.579,.938,.029,20,.324,.421,1,0,,reidna01
77,Davion Mitchell,27,MIA,PG,70,70,2000,.490,14.3,.572,.205,.268,.062,.038,.428,.561,.633,.552,.424,.450,.395,.339,.867,.000,0,.105,.333,0,0,,mitchda01
78,Bruce Brown,29,DEN,SG,82,4,1998,.475,10.7,.716,.318,.289,.094,.015,.284,.511,.741,.344,.327,.000,.385,.560,.930,.034,17,.527,.462,0,0,,brownbr01
79,Chet Holmgren,23,OKC,PF,69,69,1997,.557,11.6,.688,.344,.208,.095,.041,.312,.646,.810,.475,.486,.500,.362,.630,.966,.194,138,.198,.333,0,0,AS,holmgch01
80,Josh Hart,30,NYK,SF,66,52,1994,.508,13.7,.591,.294,.157,.095,.046,.409,.574,.690,.495,.464,.333,.413,.697,.810,.024,13,.298,.500,0,0,,hartjo01
81,LeBron James,41,LAL,SF,60,60,1989,.515,11.9,.736,.292,.235,.123,.086,.264,.586,.784,.500,.425,.380,.317,.518,.649,.112,97,.193,.298,0,0,AS,jamesle01
82,Ace Bailey,19,UTA,SF,72,61,1988,.443,16.4,.554,.146,.161,.103,.143,.446,.522,.692,.569,.391,.391,.344,.690,.898,.103,79,.261,.308,0,0,,baileac01
83,Harrison Barnes,33,SAS,PF,77,52,1986,.456,17.2,.377,.158,.157,.054,.009,.623,.567,.769,.467,.323,.200,.388,.634,.978,.021,12,.522,.396,0,0,,barneha02
84,Jalen Duren,22,DET,C,70,70,1976,.650,3.7,1.000,.522,.426,.031,.021,.000,.650,.749,.570,.160,.529,,.648,,.250,189,,,0,0,AS,durenja01
85,Brandon Miller,23,CHO,SF,65,65,1968,.435,17.3,.489,.122,.199,.124,.045,.511,.489,.748,.423,.395,.340,.383,.476,.814,.060,57,.126,.433,0,0,,millebr02
86,Maxime Raynaud,22,SAC,C,74,56,1964,.571,8.3,.890,.198,.534,.145,.013,.110,.601,.774,.587,.433,.444,.324,.816,.958,.073,46,.324,.292,0,0,,raynama01
87,Deandre Ayton,27,LAL,C,72,72,1958,.671,5.3,1.000,.421,.406,.146,.027,.000,.671,.842,.590,.420,.563,,.801,,.216,123,,,0,0,,aytonde01
88,Jarace Walker,22,IND,PF,76,41,1953,.419,16.1,.514,.166,.207,.086,.055,.486,.462,.615,.368,.429,.400,.374,.644,.932,.046,32,.149,.415,0,0,,walkeja02
89,Sam Hauser,28,BOS,PF,78,49,1934,.419,23.5,.161,.040,.030,.060,.032,.839,.557,.875,.389,.556,.316,.393,.778,.970,.002,1,.177,.438,0,0,,hausesa01
90,Rui Hachimura,27,LAL,PF,68,41,1927,.514,16.5,.561,.159,.106,.161,.136,.439,.570,.705,.460,.510,.568,.443,.796,.983,.057,32,.405,.425,0,0,,hachiru01
91,Neemias Queta,26,BOS,C,76,75,1926,.653,3.9,.984,.545,.389,.044,.006,.016,.662,.768,.567,.273,.000,.125,.735,1.000,.259,119,.125,.000,0,0,,quetane01
92,Nic Claxton,26,BRK,C,69,68,1920,.571,4.6,.967,.497,.395,.058,.017,.033,.585,.717,.470,.235,.600,.158,.621,1.000,.238,125,.053,.000,0,0,,claxtni01
93,Myles Turner,29,MIL,C,71,71,1912,.440,18.2,.406,.152,.135,.073,.046,.594,.523,.673,.448,.383,.467,.383,.737,1.000,.045,26,.188,.431,0,0,,turnemy01
94,Keldon Johnson,26,SAS,SF,82,0,1911,.519,10.8,.657,.344,.300,.009,.005,.343,.601,.672,.536,.143,.500,.363,.562,.909,.040,29,.502,.358,0,0,,johnske04
95,Anthony Black,22,ORL,PG,64,40,1910,.447,13.3,.611,.258,.237,.071,.045,.389,.519,.729,.388,.382,.229,.333,.596,.820,.104,69,.280,.417,1,1,,blackan01
96,Tristan Da Silva,24,ORL,SF,77,34,1899,.450,15.9,.482,.160,.227,.071,.024,.518,.532,.727,.475,.341,.333,.374,.654,.950,.056,29,.374,.442,0,0,,dasiltr01
97,Moussa Diabaté,24,CHO,C,73,47,1899,.631,3.1,.994,.636,.314,.036,.008,.006,.632,.749,.465,.077,.333,.500,.627,1.000,.306,98,.500,1.000,0,0,,diabamo01
98,Ausar Thompson,23,DET,SF,73,72,1896,.525,5.5,.958,.426,.414,.097,.021,.042,.537,.683,.452,.321,.250,.250,.626,.833,.189,96,.500,.167,0,0,,thompau01
99,Nique Clifford,23,SAC,SG,75,28,1882,.418,14.9,.612,.141,.262,.133,.077,.388,.471,.679,.442,.354,.391,.333,.564,.909,.037,17,.281,.338,0,0,,cliffni01
100,Ayo Dosunmu,26,2TM,SG,69,19,1881,.517,12.1,.625,.367,.194,.048,.016,.375,.563,.646,.421,.500,.583,.439,.517,.919,.020,12,.282,.418,1,1,,dosunay01
100,Ayo Dosunmu,26,CHI,SG,45,10,1187,.514,12.0,.603,.407,.173,.016,.006,.397,.556,.636,.393,.375,.333,.451,.497,.920,.027,10,.316,.459,1,1,,dosunay01
100,Ayo Dosunmu,26,MIN,SG,24,9,694,.521,12.2,.667,.291,.234,.107,.034,.333,.575,.671,.459,.536,.667,.414,.550,.917,.008,2,.207,.278,0,0,,dosunay01
101,John Collins,28,LAC,PF,69,56,1872,.552,11.6,.668,.281,.275,.077,.035,.332,.625,.805,.497,.549,.348,.406,.716,1.000,.144,83,.594,.438,0,0,,collijo01
102,Draymond Green,35,GSW,PF,68,68,1869,.418,17.5,.369,.208,.112,.039,.010,.631,.575,.725,.400,.368,.200,.326,.837,.990,.014,6,.339,.390,0,0,,greendr01
103,Victor Wembanyama,22,SAS,C,64,55,1866,.512,12.8,.676,.328,.148,.119,.081,.324,.590,.780,.425,.391,.420,.349,.647,.893,.181,178,.077,.444,0,0,AS,wembavi01
104,Russell Westbrook,37,SAC,SF,64,58,1853,.427,15.6,.548,.136,.244,.099,.069,.452,.500,.693,.488,.410,.293,.338,.226,.828,.011,8,.269,.343,0,0,,westbru01
105,Jamal Shead,23,TOR,PG,82,12,1852,.367,16.6,.480,.163,.198,.097,.022,.520,.417,.573,.350,.327,.273,.321,.297,.881,.006,3,.195,.275,0,0,,sheadja01
106,Pelle Larsson,24,MIA,SG,70,54,1849,.496,11.5,.657,.317,.297,.038,.005,.343,.586,.729,.482,.286,.000,.323,.647,.968,.059,32,.260,.380,0,0,,larsspe01
107,Luguentz Dort,26,OKC,SF,69,69,1849,.385,20.5,.290,.115,.055,.078,.042,.710,.487,.667,.241,.463,.364,.344,.716,.984,.032,16,.196,.356,0,0,,dortlu01
108,Sion James,23,CHO,SG,82,19,1843,.371,17.3,.366,.199,.140,.022,.005,.634,.404,.554,.250,.125,.000,.352,.527,.952,.043,11,.369,.391,1,1,,jamessi01
109,Zion Williamson,25,NOP,PF,62,55,1841,.600,3.6,.995,.575,.378,.038,.004,.005,.601,.744,.407,.452,.000,.250,.524,1.000,.103,77,.000,,0,0,,willizi01
110,Jaylen Wells,22,MEM,SG,69,69,1821,.431,17.0,.477,.152,.142,.096,.087,.523,.517,.604,.475,.537,.410,.353,.640,.961,.036,20,.332,.339,0,0,,wellsja01
111,Nikola Vučević,35,2TM,C,64,49,1818,.493,13.3,.661,.199,.324,.103,.035,.339,.557,.698,.506,.512,.357,.369,.765,.980,.018,12,.100,.259,0,0,,vucevni01
111,Nikola Vučević,35,CHI,C,48,48,1480,.505,12.9,.670,.206,.321,.105,.038,.330,.568,.699,.519,.522,.400,.376,.769,.976,.020,11,.087,.211,0,0,,vucevni01
111,Nikola Vučević,35,BOS,C,16,1,338,.439,13.6,.619,.165,.338,.094,.022,.381,.500,.696,.447,.462,.000,.340,.744,1.000,.007,1,.151,.375,0,0,,vucevni01
112,Oso Ighodaro,23,PHO,PF,82,24,1808,.653,4.1,.997,.522,.380,.096,.000,.003,.655,.796,.504,.486,,.000,.757,,.339,113,.000,,0,0,,ighodos01
113,Kyle Kuzma,30,MIL,PF,69,43,1806,.492,12.1,.653,.300,.257,.071,.025,.347,.569,.744,.446,.306,.471,.347,.637,.940,.041,25,.351,.357,1,0,,kuzmaky01
114,Kyle Filipowski,22,UTA,C,77,41,1801,.492,11.5,.653,.259,.339,.047,.008,.347,.580,.706,.525,.355,.200,.325,.647,.959,.091,53,.421,.333,0,0,,filipky01
115,Andrew Nembhard,26,IND,PG,57,57,1786,.442,16.6,.607,.141,.163,.159,.143,.393,.495,.670,.463,.483,.370,.361,.354,.664,.005,3,.078,.261,0,0,,nembhan01
116,Keyonte George,22,UTA,PG,54,54,1786,.456,15.6,.590,.101,.276,.117,.096,.410,.515,.753,.502,.417,.424,.371,.515,.724,.033,26,.122,.409,0,0,,georgke01
117,Noah Clowney,21,BRK,PF,66,60,1780,.396,17.7,.379,.124,.201,.041,.013,.621,.506,.679,.433,.462,.125,.329,.612,.992,.044,22,.283,.432,0,0,,clownno01
118,Jaylon Tyson,23,CLE,SG,66,42,1777,.493,13.5,.555,.279,.216,.051,.009,.445,.530,.594,.490,.412,.167,.446,.716,.977,.054,26,.372,.432,0,0,,tysonja01
119,Marcus Smart,31,LAL,SG,62,54,1769,.395,18.4,.384,.109,.162,.084,.029,.616,.497,.654,.390,.500,.500,.331,.505,.918,.002,0,.294,.407,0,0,,smartma01
120,Brice Sensabaugh,22,UTA,SF,75,22,1762,.460,17.0,.484,.111,.196,.137,.041,.516,.559,.716,.583,.402,.543,.367,.634,.870,.040,29,.233,.485,0,0,,sensabr01
121,Austin Reaves,27,LAL,SG,51,45,1762,.490,15.1,.570,.150,.277,.122,.021,.430,.588,.833,.540,.462,.188,.360,.318,.703,.005,4,.125,.415,0,0,,reaveau01
122,Tre Jones,26,CHI,PG,65,41,1752,.553,8.4,.789,.480,.237,.060,.013,.211,.616,.699,.473,.568,.375,.315,.490,.829,.002,1,.346,.333,0,0,,jonestr01
123,Sandro Mamukelashvili,26,TOR,C,80,13,1751,.523,13.7,.531,.339,.162,.029,.002,.469,.642,.748,.471,.333,1.000,.389,.758,1.000,.079,47,.216,.375,0,0,,mamuksa01
124,Tobias Harris,33,DET,PF,63,63,1746,.469,13.4,.662,.158,.284,.175,.046,.338,.521,.635,.508,.496,.300,.368,.520,.939,.046,26,.444,.374,0,0,,harrito02
125,Precious Achiuwa,26,SAC,C,73,57,1745,.528,7.8,.838,.371,.395,.064,.007,.162,.577,.707,.513,.289,.000,.278,.543,1.000,.135,68,.412,.250,0,0,,achiupr01
126,P.J. Washington,27,DAL,PF,56,53,1736,.450,12.1,.644,.243,.324,.059,.018,.356,.519,.669,.441,.359,.417,.325,.586,.961,.088,53,.415,.361,0,0,,washipj01
127,Josh Giddey,23,CHI,PG,54,51,1731,.448,13.4,.605,.261,.262,.054,.028,.395,.502,.594,.463,.436,.150,.364,.326,.806,.011,8,.131,.351,0,0,,giddejo01
128,RJ Barrett,25,TOR,SF,57,57,1726,.491,11.8,.653,.304,.272,.071,.006,.347,.572,.726,.450,.397,.400,.339,.600,.948,.043,34,.251,.324,0,0,,barrerj01
129,Jay Huff,27,IND,C,82,47,1719,.476,17.4,.390,.250,.123,.008,.008,.610,.723,.791,.587,.600,.800,.319,.808,.992,.152,83,.126,.277,0,0,,huffja01
130,Norman Powell,32,MIA,SG,58,52,1717,.470,15.4,.542,.200,.207,.087,.048,.458,.546,.654,.497,.513,.372,.380,.581,.859,.013,11,.149,.311,1,1,AS,powelno01
131,Cam Spencer,25,MEM,SG,72,20,1714,.473,19.6,.415,.067,.108,.142,.099,.585,.506,.622,.483,.519,.436,.449,.436,.760,.000,0,.098,.500,0,0,,spencca01
132,Kel'el Ware,21,MIA,C,77,34,1704,.530,10.9,.641,.441,.171,.017,.012,.359,.606,.713,.360,.455,.375,.395,.675,1.000,.236,137,.279,.431,0,0,,wareke01
133,Dillon Brooks,30,PHO,SF,56,56,1702,.435,16.4,.615,.093,.182,.234,.106,.385,.492,.663,.503,.460,.392,.344,.283,.780,.005,4,.146,.315,0,0,,brookdi01
134,Dennis Schröder,32,2TM,PG,70,17,1697,.405,14.1,.638,.151,.245,.159,.083,.362,.449,.579,.416,.400,.404,.329,.256,.760,.000,0,.158,.389,0,0,,schrode01
134,Dennis Schröder,32,SAC,PG,40,14,1056,.408,15.6,.607,.109,.237,.166,.095,.393,.449,.565,.420,.400,.475,.343,.235,.719,.000,0,.157,.462,0,0,,schrode01
134,Dennis Schröder,32,CLE,PG,30,3,641,.401,12.6,.700,.237,.261,.145,.058,.300,.448,.592,.407,.400,.167,.290,.292,.889,.000,0,.161,.200,0,0,,schrode01
135,Isaac Okoro,25,CHI,SG,63,62,1695,.460,12.9,.519,.401,.115,.002,.000,.481,.580,.652,.340,.000,,.330,.696,.918,.028,13,.557,.341,0,0,,okorois01
136,Jerami Grant,31,POR,PF,57,38,1695,.453,14.7,.521,.234,.200,.060,.026,.479,.513,.684,.418,.227,.368,.389,.462,.993,.041,27,.386,.422,0,0,,grantje01
137,Dominick Barlow,22,PHI,PF,71,59,1689,.539,7.7,.794,.489,.248,.040,.018,.206,.612,.744,.465,.125,.143,.256,.665,1.000,.180,67,.744,.230,0,0,,barlodo01
138,Michael Porter Jr.,27,BRK,SF,52,52,1689,.463,16.9,.494,.185,.130,.075,.103,.506,.567,.819,.464,.389,.374,.363,.653,.858,.053,47,.130,.317,0,0,,portemi01
139,Luke Kennard,29,2TM,SG,78,6,1681,.533,17.8,.447,.113,.117,.149,.068,.553,.601,.640,.558,.621,.567,.478,.739,.966,.000,0,.302,.500,0,0,,kennalu01
139,Luke Kennard,29,ATL,SG,46,0,944,.538,18.7,.379,.108,.108,.100,.063,.621,.604,.538,.500,.792,.600,.497,.691,.986,.000,0,.329,.531,0,0,,kennalu01
139,Luke Kennard,29,LAL,SG,32,6,737,.527,16.9,.527,.118,.128,.207,.074,.473,.598,.750,.615,.524,.533,.448,.781,.930,.000,0,.260,.440,0,0,,kennalu01
140,Cameron Johnson,29,DEN,SF,54,54,1647,.480,16.6,.461,.202,.131,.069,.059,.539,.539,.740,.419,.333,.357,.430,.712,.945,.053,23,.344,.477,0,0,,johnsca02
141,Brook Lopez,37,LAC,C,75,40,1635,.428,18.3,.415,.127,.177,.094,.017,.585,.524,.667,.510,.431,.111,.360,.602,1.000,.033,17,.136,.419,0,0,,lopezbr01
142,Will Riley,19,WAS,SF,74,18,1633,.439,14.5,.600,.199,.249,.099,.053,.400,.520,.756,.442,.393,.242,.316,.461,.846,.044,25,.202,.340,0,0,,rileywi01
143,Cody Williams,21,UTA,SG,67,41,1631,.468,10.9,.743,.253,.322,.100,.067,.257,.556,.698,.506,.431,.441,.214,.733,1.000,.157,65,.595,.282,0,0,,willico04
144,Bennedict Mathurin,23,2TM,SF,54,25,1620,.430,14.2,.648,.213,.210,.112,.114,.352,.492,.681,.387,.434,.390,.315,.556,.693,.038,21,.143,.471,0,0,,mathube01
144,Bennedict Mathurin,23,IND,SF,28,24,891,.433,16.1,.564,.179,.170,.098,.117,.436,.480,.609,.393,.486,.405,.372,.557,.724,.025,8,.167,.538,0,0,,mathube01
144,Bennedict Mathurin,23,LAC,SF,26,1,729,.426,12.3,.743,.251,.254,.129,.110,.257,.502,.738,.383,.390,.371,.207,.555,.588,.053,13,.098,.250,0,0,,mathube01
145,Bobby Portis,30,MIL,PF,67,9,1619,.488,16.3,.605,.115,.180,.151,.160,.395,.509,.698,.504,.451,.433,.456,.623,.985,.011,7,.372,.500,0,0,,portibo01
146,Collin Sexton,27,2TM,SG,68,22,1614,.485,13.3,.624,.275,.220,.077,.053,.376,.536,.647,.448,.526,.333,.401,.375,.804,.004,2,.197,.473,0,0,,sextoco01
146,Collin Sexton,27,CHO,SG,42,12,938,.488,13.3,.650,.244,.249,.089,.068,.350,.539,.713,.437,.514,.321,.393,.372,.789,.000,0,.145,.571,0,0,,sextoco01
146,Collin Sexton,27,CHI,SG,26,10,676,.482,13.3,.591,.314,.183,.061,.034,.409,.531,.583,.467,.550,.364,.410,.379,.818,.009,2,.254,.412,0,0,,sextoco01
147,Cedric Coward,22,MEM,SG,62,47,1598,.471,14.0,.576,.238,.207,.113,.019,.424,.568,.734,.485,.425,.250,.338,.505,.860,.049,28,.244,.224,0,0,,cowarce01
148,Peyton Watson,23,DEN,SF,54,40,1598,.491,12.7,.661,.244,.258,.102,.057,.339,.531,.704,.440,.373,.485,.411,.652,.975,.105,51,.401,.506,0,0,,watsope01
149,Herbert Jones,27,NOP,SF,56,56,1588,.383,16.0,.458,.224,.157,.044,.033,.542,.470,.617,.333,.286,.375,.309,.544,.938,.044,20,.301,.333,0,0,,joneshe01
150,Jalen Suggs,24,ORL,PG,57,56,1574,.435,17.7,.445,.156,.128,.109,.052,.555,.554,.683,.530,.465,.412,.339,.375,.811,.025,13,.189,.309,0,0,,suggsja01
151,Kelly Oubre Jr.,30,PHI,SF,50,41,1574,.467,14.1,.561,.224,.244,.075,.017,.439,.551,.689,.504,.293,.556,.360,.530,.953,.070,34,.335,.463,0,0,,oubreke01
152,Jordan Goodwin,27,PHO,PG,70,10,1572,.413,16.3,.456,.231,.126,.068,.031,.544,.462,.539,.457,.263,.353,.371,.419,.902,.009,4,.341,.350,0,0,,goodwjo01
153,Jrue Holiday,35,POR,PG,53,51,1560,.451,16.7,.489,.140,.207,.097,.045,.511,.527,.707,.476,.406,.469,.378,.317,.569,.004,3,.163,.441,0,0,,holidjr01
154,Dylan Harper,19,SAS,SG,69,4,1558,.505,10.7,.729,.405,.181,.091,.050,.271,.565,.658,.445,.417,.515,.343,.344,.902,.041,26,.230,.415,1,0,,harpedy01
155,Ron Holland,20,DET,SF,78,5,1551,.432,11.6,.636,.294,.292,.035,.015,.364,.535,.663,.472,.158,.125,.253,.616,.980,.101,50,.571,.248,0,0,,hollaro01
156,Tari Eason,24,HOU,PF,60,34,1549,.416,14.3,.552,.234,.193,.084,.040,.448,.463,.654,.384,.245,.174,.358,.459,.957,.057,30,.477,.419,1,1,,easonta01
157,Kevin Huerter,27,2TM,SF,69,14,1549,.451,16.2,.455,.210,.180,.045,.020,.545,.624,.808,.467,.556,.250,.308,.692,.940,.025,15,.228,.351,0,0,,huertke01
157,Kevin Huerter,27,CHI,SF,44,11,1037,.455,16.1,.448,.223,.173,.042,.010,.552,.630,.800,.443,.647,.000,.314,.675,.943,.020,8,.224,.380,0,0,,huertke01
157,Kevin Huerter,27,DET,SG,25,3,512,.443,16.3,.469,.182,.193,.052,.042,.531,.611,.829,.514,.400,.375,.294,.727,.933,.036,7,.235,.292,0,0,,huertke01
158,Moses Moody,23,GSW,SG,60,49,1540,.440,19.0,.323,.127,.117,.052,.027,.677,.522,.746,.400,.310,.400,.401,.638,.960,.020,9,.345,.431,0,0,,moodymo01
159,Terance Mann,29,BRK,SG,63,51,1529,.457,13.9,.582,.234,.196,.111,.041,.418,.523,.686,.389,.439,.467,.364,.455,.839,.046,13,.416,.375,0,0,,mannte01
160,Jarrett Allen,27,CLE,C,56,56,1519,.638,5.1,.981,.455,.417,.087,.023,.019,.649,.813,.518,.500,.333,.100,.818,1.000,.256,123,.600,.000,0,0,,allenja01
161,Isaiah Collier,21,UTA,PG,59,19,1517,.495,10.0,.806,.210,.445,.111,.041,.194,.549,.796,.489,.421,.286,.270,.320,.667,.023,12,.210,.238,0,0,,colliis01
162,Isaiah Joe,26,OKC,SG,71,9,1507,.455,22.0,.212,.087,.039,.048,.039,.788,.574,.617,.571,.538,.524,.423,.788,.950,.024,12,.222,.537,0,0,,joeis01
163,Jock Landale,30,2TM,C,68,27,1506,.515,11.8,.648,.334,.237,.057,.020,.352,.586,.645,.569,.419,.273,.383,.702,.959,.062,28,.280,.426,0,0,,landajo01
163,Jock Landale,30,MEM,C,45,25,1060,.514,11.4,.668,.324,.262,.062,.021,.332,.581,.643,.559,.417,.375,.380,.689,.980,.051,16,.202,.385,0,0,,landajo01
163,Jock Landale,30,ATL,C,23,2,446,.516,12.1,.597,.358,.176,.044,.019,.403,.600,.649,.607,.429,.000,.391,.737,.920,.088,12,.438,.464,0,0,,landajo01
164,Zaccharie Risacher,20,ATL,SF,67,46,1503,.455,15.0,.519,.297,.112,.047,.063,.481,.536,.635,.467,.360,.324,.368,.718,.947,.114,50,.310,.375,0,0,,risacza01
165,Klay Thompson,35,DAL,SF,69,8,1497,.393,21.8,.276,.055,.037,.080,.104,.724,.418,.675,.333,.397,.329,.383,.810,.931,.000,0,.211,.423,0,0,,thompkl01
166,Ryan Kalkbrenner,24,CHO,C,69,31,1479,.753,2.5,.983,.763,.210,.003,.007,.017,.766,.820,.590,.000,.500,.000,.712,,.460,126,.200,.000,0,0,,kalkbry01
167,Keon Ellis,26,2TM,SG,72,11,1478,.440,18.7,.346,.143,.115,.065,.023,.654,.586,.836,.545,.280,.111,.363,.769,.967,.060,21,.343,.384,0,0,,elliske01
167,Keon Ellis,26,SAC,SG,43,5,758,.397,20.1,.311,.091,.096,.096,.029,.689,.462,.789,.550,.200,.000,.368,.700,.943,.048,9,.292,.381,0,0,,elliske01
167,Keon Ellis,26,CLE,SG,29,6,720,.491,17.3,.389,.206,.137,.029,.017,.611,.706,.861,.542,.600,.333,.355,.813,1.000,.074,12,.411,.386,0,0,,elliske01
168,Ja'Kobe Walter,21,TOR,SG,72,19,1474,.446,17.9,.334,.205,.092,.035,.002,.666,.519,.590,.459,.286,.000,.409,.729,.991,.057,20,.442,.487,0,0,,walteja01
169,Patrick Williams,24,CHI,PF,72,6,1474,.372,17.1,.427,.182,.186,.048,.010,.573,.407,.506,.281,.522,.400,.347,.422,.916,.031,8,.164,.356,0,0,,willipa01
170,Ajay Mitchell,23,OKC,SG,57,16,1473,.485,11.9,.702,.200,.364,.098,.039,.298,.543,.720,.474,.569,.217,.347,.329,.770,.007,4,.267,.404,0,0,,mitchaj01
171,Shaedon Sharpe,22,POR,SG,50,42,1471,.452,14.1,.647,.244,.184,.106,.113,.353,.514,.726,.419,.370,.347,.337,.429,.544,.076,55,.111,.353,0,0,,sharpsh01
172,Bilal Coulibaly,21,WAS,SG,56,56,1468,.425,12.8,.623,.287,.242,.055,.039,.377,.490,.677,.321,.333,.381,.319,.412,.908,.139,61,.338,.435,0,0,,coulibi01
173,Grayson Allen,30,PHO,SG,51,27,1467,.403,20.2,.318,.097,.177,.034,.009,.682,.519,.769,.390,.435,.667,.349,.445,.780,.012,8,.110,.420,0,0,,allengr01
174,Brandon Williams,26,DAL,PG,66,15,1463,.472,10.7,.749,.305,.285,.107,.052,.251,.552,.713,.415,.500,.469,.232,.306,.917,.018,11,.258,.225,1,0,,willibr03
175,Daniss Jenkins,24,DET,PG,72,19,1455,.408,13.8,.657,.164,.287,.132,.074,.343,.426,.591,.374,.347,.405,.374,.308,.863,.032,13,.251,.408,1,1,,jenkida01
176,Jaren Jackson Jr.,26,2TM,C,48,48,1454,.476,12.6,.673,.147,.376,.146,.004,.327,.533,.585,.556,.438,.000,.357,.581,.976,.021,11,.226,.377,0,0,,jacksja02
176,Jaren Jackson Jr.,26,MEM,C,45,45,1382,.475,12.9,.672,.151,.366,.151,.004,.328,.531,.574,.559,.436,.000,.359,.565,.975,.022,11,.223,.388,0,0,,jacksja02
176,Jaren Jackson Jr.,26,UTA,C,3,3,72,.490,12.3,.694,.102,.510,.082,.000,.306,.559,.800,.520,.500,,.333,.789,1.000,.000,0,.267,.250,0,0,,jacksja02
177,Javonte Green,32,DET,SG,82,6,1446,.447,16.6,.403,.200,.171,.014,.017,.597,.545,.651,.479,.167,.286,.381,.758,.947,.089,31,.385,.516,0,0,,greenja02
178,Ivica Zubac,28,2TM,C,48,47,1446,.598,4.6,1.000,.461,.459,.081,.000,.000,.598,.694,.516,.513,,,.667,,.195,82,,,0,0,,zubaciv01
178,Ivica Zubac,28,LAC,C,43,42,1328,.613,4.0,1.000,.473,.450,.077,.000,.000,.613,.714,.523,.515,,,.665,,.203,76,,,0,0,,zubaciv01
178,Ivica Zubac,28,IND,C,5,5,118,.472,5.2,1.000,.358,.528,.113,.000,.000,.472,.474,.464,.500,,,.680,,.132,6,,,0,0,,zubaciv01
179,Tre Johnson,19,WAS,SG,60,42,1443,.419,18.2,.504,.071,.178,.185,.070,.496,.479,.674,.409,.458,.511,.358,.436,.800,.015,7,.162,.442,0,0,,johnstr03
180,Lauri Markkanen,28,UTA,PF,42,42,1443,.477,13.9,.598,.210,.267,.073,.047,.402,.559,.734,.507,.441,.263,.355,.717,.948,.096,70,.207,.478,0,0,,markkla01
181,Khris Middleton,34,2TM,SF,63,50,1439,.420,16.4,.656,.081,.161,.228,.185,.344,.452,.682,.333,.472,.430,.360,.419,.836,.000,0,.306,.404,0,0,,middlkh01
181,Khris Middleton,34,WAS,SF,34,34,827,.433,15.7,.670,.117,.160,.213,.180,.330,.483,.657,.354,.484,.481,.333,.392,.848,.000,0,.293,.379,0,0,,middlkh01
181,Khris Middleton,34,DAL,SF,29,16,612,.404,17.1,.638,.038,.163,.246,.192,.363,.412,.778,.308,.458,.370,.391,.460,.824,.000,0,.322,.429,0,0,,middlkh01
182,Sidy Cissoko,21,POR,SF,75,26,1435,.398,16.3,.407,.216,.159,.015,.018,.593,.544,.736,.377,.000,.167,.298,.662,.949,.120,30,.444,.352,0,0,,cissosi01
183,Luke Kornet,30,SAS,C,68,25,1430,.643,2.0,1.000,.827,.143,.026,.004,.000,.643,.693,.385,.571,.000,,.771,,.331,86,,,0,0,,kornelu01
184,Baylor Scheierman,25,BOS,SG,77,20,1429,.453,20.8,.270,.066,.093,.084,.027,.730,.600,.773,.452,.607,.667,.399,.685,.948,.015,5,.342,.494,0,0,,scheiba01
185,Spencer Jones,24,DEN,SF,64,37,1417,.504,14.9,.450,.294,.130,.015,.011,.550,.636,.714,.500,.500,.333,.396,.733,1.000,.061,14,.611,.364,0,0,,jonessp01
186,Mark Williams,24,PHO,C,60,55,1416,.644,3.3,.998,.626,.317,.050,.005,.002,.643,.730,.496,.545,.000,1.000,.683,1.000,.304,121,1.000,1.000,0,0,,willima07
187,Aaron Wiggins,27,OKC,SG,65,21,1414,.431,15.1,.496,.239,.190,.052,.015,.504,.508,.617,.402,.393,.500,.356,.556,.854,.035,18,.281,.368,0,0,,wiggiaa01
188,Walter Clayton,22,2TM,PG,69,6,1410,.384,16.9,.471,.130,.206,.093,.041,.529,.470,.533,.453,.419,.474,.307,.431,.707,.009,3,.115,.250,0,0,,claytwa01
188,Walter Clayton,22,UTA,PG,45,0,811,.398,17.6,.441,.094,.230,.066,.051,.559,.513,.458,.492,.647,.538,.308,.448,.705,.008,2,.098,.143,0,0,,claytwa01
188,Walter Clayton,22,MEM,PG,24,6,599,.366,16.1,.507,.176,.176,.127,.029,.493,.423,.583,.389,.269,.333,.307,.409,.710,.010,1,.139,.357,0,0,,claytwa01
189,Christian Braun,24,DEN,SG,44,44,1399,.519,11.7,.632,.373,.206,.015,.039,.368,.646,.745,.538,.500,.333,.301,.830,.907,.087,29,.448,.344,0,0,,braunch01
190,Gui Santos,23,GSW,PF,68,30,1395,.500,14.1,.517,.274,.235,.007,.002,.483,.639,.778,.481,.333,1.000,.351,.651,1.000,.015,7,.243,.444,0,0,,santogu01
191,Vít Krejčí,25,2TM,PG,65,8,1392,.448,20.8,.235,.089,.093,.042,.012,.765,.634,.737,.600,.500,.600,.390,.875,.945,.012,4,.216,.352,0,0,,krejcvi01
191,Vít Krejčí,25,ATL,PG,46,8,1028,.464,21.1,.224,.088,.081,.045,.010,.776,.609,.704,.600,.429,.667,.423,.881,.960,.013,3,.205,.347,0,0,,krejcvi01
191,Vít Krejčí,25,POR,PG,19,0,364,.405,20.4,.264,.091,.124,.033,.017,.736,.688,.818,.600,.750,.500,.303,.864,.889,.008,1,.247,.364,0,0,,krejcvi01
192,Kyshawn George,22,WAS,SF,48,48,1391,.438,16.5,.549,.135,.199,.137,.078,.451,.486,.731,.357,.494,.378,.381,.331,.818,.019,9,.192,.460,0,0,,georgky01
193,Ben Sheppard,24,IND,SG,65,20,1390,.434,17.2,.401,.202,.121,.049,.028,.599,.542,.667,.426,.474,.273,.362,.750,.976,.013,5,.358,.386,0,0,,sheppbe01
194,Justin Champagnie,24,WAS,SF,69,19,1377,.502,11.0,.641,.411,.212,.017,.000,.359,.605,.753,.357,.125,,.319,.564,.943,.106,42,.331,.273,0,0,,champju01
195,Will Richard,23,GSW,SG,69,21,1377,.468,16.9,.387,.231,.104,.032,.020,.613,.679,.838,.472,.182,.714,.335,.681,.972,.043,15,.443,.383,0,0,,richawi02
196,Gary Trent Jr.,27,MIL,SG,65,21,1377,.387,21.5,.277,.038,.085,.070,.085,.723,.458,.611,.375,.515,.425,.360,.550,.886,.000,0,.284,.402,0,0,,trentga02
197,Sam Merrill,29,CLE,SG,52,38,1377,.461,21.4,.225,.089,.056,.050,.031,.775,.596,.860,.481,.458,.267,.421,.815,.937,.000,0,.163,.541,0,0,,merrisa01
198,Anfernee Simons,26,2TM,SG,55,5,1372,.440,19.7,.415,.057,.153,.114,.091,.585,.517,.622,.586,.514,.339,.385,.216,.658,.003,2,.087,.424,0,0,,simonan01
198,Anfernee Simons,26,BOS,SG,49,0,1202,.440,19.5,.421,.051,.158,.116,.095,.579,.502,.655,.567,.485,.333,.395,.200,.662,.004,2,.088,.448,0,0,,simonan01
198,Anfernee Simons,26,CHI,SG,6,5,170,.438,19.9,.375,.100,.113,.100,.063,.625,.633,.500,.778,.750,.400,.320,.316,.625,.000,0,.080,.250,0,0,,simonan01
199,Jose Alvarado,27,2TM,PG,69,3,1370,.416,18.1,.361,.131,.156,.060,.013,.639,.531,.695,.471,.370,.333,.352,.535,.752,.000,0,.265,.368,0,0,,alvarjo01
199,Jose Alvarado,27,NOP,PG,41,0,896,.418,19.2,.311,.118,.146,.039,.007,.689,.540,.697,.439,.545,.000,.363,.468,.714,.000,0,.285,.345,0,0,,alvarjo01
199,Jose Alvarado,27,NYK,PG,28,3,474,.414,17.0,.444,.154,.172,.095,.024,.556,.520,.692,.517,.250,.500,.330,.615,.839,.000,0,.223,.429,0,0,,alvarjo01
200,Malik Monk,27,SAC,SG,62,3,1364,.438,17.1,.503,.108,.217,.127,.052,.497,.481,.721,.401,.463,.364,.395,.484,.758,.051,30,.140,.364,0,0,,monkma01
201,Ryan Dunn,23,PHO,SF,70,16,1355,.453,13.3,.533,.331,.160,.033,.008,.467,.560,.675,.397,.250,.333,.331,.620,1.000,.135,38,.675,.351,0,0,,dunnry01
202,Josh Okogie,27,HOU,SG,78,32,1354,.425,15.1,.452,.245,.167,.020,.020,.548,.474,.556,.347,.667,.333,.385,.587,1.000,.109,23,.646,.337,0,0,,okogijo01
203,Kobe Sanders,23,LAC,SG,68,16,1351,.466,16.9,.490,.141,.159,.117,.073,.510,.527,.759,.508,.378,.357,.408,.556,.975,.055,21,.337,.470,0,0,,sandeko01
204,Derrick Jones Jr.,28,LAC,SF,50,45,1350,.499,12.3,.596,.311,.243,.034,.008,.404,.593,.737,.467,.231,.333,.359,.724,.982,.124,44,.425,.354,0,0,,jonesde02
205,Darius Garland,26,2TM,PG,45,43,1344,.460,16.4,.542,.150,.228,.106,.058,.458,.514,.624,.490,.493,.359,.396,.299,.557,.000,0,.110,.441,0,0,,garlada01
205,Darius Garland,26,CLE,PG,26,26,792,.451,15.9,.565,.162,.207,.135,.061,.435,.521,.607,.500,.490,.435,.360,.378,.610,.000,0,.128,.333,0,0,,garlada01
205,Darius Garland,26,LAC,PG,19,17,552,.471,16.8,.512,.136,.254,.068,.054,.488,.503,.650,.480,.500,.250,.438,.184,.508,.000,0,.090,.615,0,0,,garlada01
206,Aaron Nesmith,26,IND,SF,45,42,1335,.414,17.2,.459,.152,.150,.104,.053,.541,.455,.526,.442,.472,.259,.379,.804,.971,.027,8,.274,.434,0,0,,nesmiaa01
207,Kris Murray,25,POR,SF,57,15,1333,.467,12.1,.558,.388,.170,.000,.000,.442,.617,.682,.468,,,.279,.674,1.000,.134,33,.541,.288,0,0,,murrakr01
208,Stephen Curry,37,GSW,PG,43,41,1329,.468,19.6,.394,.108,.158,.063,.066,.606,.584,.698,.587,.460,.509,.393,.511,.716,.001,0,.066,.531,0,0,AS,curryst01
209,Jordan Miller,26,LAC,SF,60,1,1325,.531,10.6,.724,.293,.326,.100,.005,.276,.602,.735,.538,.400,1.000,.345,.448,1.000,.030,10,.336,.324,0,0,,millejo02
210,Drake Powell,20,BRK,SG,63,24,1320,.402,16.3,.492,.170,.148,.131,.042,.508,.528,.721,.453,.383,.467,.280,.452,.882,.034,12,.264,.333,0,0,,poweldr01
211,Jericho Sims,27,MIL,C,67,19,1318,.784,2.2,1.000,.816,.146,.038,.000,.000,.784,.861,.444,.429,,,.814,,.578,95,,,0,0,,simsje01
212,Dean Wade,29,CLE,PF,59,38,1318,.439,18.5,.295,.223,.036,.025,.011,.705,.622,.661,.600,.286,.667,.362,.725,.986,.047,11,.378,.405,0,0,,wadede01
213,Isaiah Stewart,24,DET,C,58,13,1317,.550,9.7,.701,.358,.333,.007,.002,.299,.642,.764,.515,.667,.000,.333,.724,1.000,.132,49,.400,.417,0,0,,stewais01
214,Egor Dёmin,19,BRK,PG,52,45,1308,.399,20.6,.283,.109,.096,.036,.042,.717,.433,.551,.419,.438,.158,.385,.509,.823,.013,4,.152,.449,0,0,,demineg01
215,Alex Sarr,20,WAS,C,48,48,1305,.482,10.5,.771,.262,.363,.104,.043,.229,.526,.756,.429,.382,.286,.333,.677,.900,.113,69,.073,.364,0,0,,sarral01
216,Yves Missi,21,NOP,C,66,14,1297,.544,2.8,.997,.656,.303,.031,.007,.003,.546,.637,.404,.111,.000,.000,.625,,.252,60,.000,,0,0,,missiyv01
217,Nicolas Batum,37,LAC,PF,74,6,1295,.403,24.2,.042,.008,.004,.008,.021,.958,.400,.500,.000,.500,.400,.404,.750,1.000,.000,0,.434,.475,0,0,,batumni01
218,Ziaire Williams,24,BRK,SF,56,13,1281,.425,16.3,.420,.224,.139,.048,.009,.580,.538,.680,.350,.476,.250,.343,.643,.977,.081,33,.359,.344,0,0,,willizi02
219,Jordan Clarkson,33,NYK,SG,72,1,1279,.451,14.0,.593,.183,.270,.114,.027,.407,.535,.635,.549,.383,.357,.327,.509,.957,.013,6,.379,.321,0,0,,clarkjo01
220,Jaylin Williams,23,OKC,PF,65,11,1277,.423,20.2,.273,.119,.088,.040,.026,.727,.531,.643,.419,.571,.333,.383,.922,.990,.034,8,.211,.444,0,0,,willija07
221,Kevin Porter Jr.,25,MIL,PG,38,36,1261,.465,12.9,.722,.251,.210,.128,.132,.278,.520,.682,.407,.439,.471,.322,.228,.630,.064,28,.203,.310,0,0,,porteke02
222,Coby White,25,2TM,SG,50,26,1249,.446,16.3,.490,.238,.141,.066,.045,.510,.534,.649,.443,.415,.393,.362,.301,.783,.002,0,.116,.378,0,0,,whiteco01
222,Coby White,25,CHI,SG,29,26,843,.438,16.4,.471,.272,.104,.051,.043,.529,.541,.645,.390,.500,.294,.346,.310,.819,.003,0,.106,.500,0,0,,whiteco01
222,Coby White,25,CHO,SG,21,0,406,.461,16.2,.522,.178,.204,.091,.048,.478,.525,.659,.489,.333,.545,.391,.286,.721,.000,0,.136,.200,0,0,,whiteco01
223,Collin Murray-Boyles,20,TOR,PF,57,22,1246,.579,6.4,.854,.617,.178,.026,.032,.146,.620,.697,.475,.333,.182,.340,.840,1.000,.164,46,.300,.200,0,0,,murraco01
224,Nolan Traoré,19,BRK,PG,56,31,1243,.380,13.4,.599,.194,.311,.077,.017,.401,.422,.484,.403,.351,.375,.318,.405,.885,.000,0,.245,.362,0,0,,traorno01
225,Adem Bona,22,PHI,C,71,18,1234,.595,2.7,.973,.755,.209,.009,.000,.027,.603,.669,.391,.000,,.333,.589,1.000,.355,69,.833,.200,0,0,,bonaad01
226,Andre Drummond,32,PHI,C,63,25,1231,.472,8.2,.733,.516,.202,.015,.000,.267,.514,.563,.397,.400,,.356,.504,1.000,.122,33,.800,.361,0,0,,drumman01
227,Pat Spencer,29,GSW,PG,66,14,1229,.427,14.7,.615,.135,.266,.177,.037,.385,.470,.644,.422,.468,.188,.357,.302,.700,.009,3,.190,.406,0,0,,spencpa01
228,Zach LaVine,30,SAC,SG,39,37,1224,.479,16.7,.536,.157,.185,.062,.132,.464,.556,.767,.525,.500,.375,.390,.577,.768,.055,28,.197,.480,0,0,,lavinza01
229,Jordan Walsh,21,BOS,PF,68,25,1212,.509,13.3,.532,.337,.172,.022,.000,.468,.620,.789,.348,.167,,.384,.602,1.000,.150,33,.360,.378,0,0,,walshjo01
230,Jaxson Hayes,25,LAL,C,66,9,1207,.756,2.8,.989,.695,.282,.011,.000,.011,.753,.797,.662,.333,,1.000,.810,1.000,.500,122,.000,,0,0,,hayesja02
231,Joel Embiid,31,PHI,C,38,38,1201,.489,13.4,.772,.224,.149,.221,.176,.228,.535,.679,.423,.506,.488,.333,.608,.868,.024,12,.050,.250,0,0,,embiijo01
232,Marvin Bagley III,26,2TM,PF,60,12,1201,.618,6.2,.873,.528,.326,.017,.002,.127,.641,.733,.485,.714,1.000,.462,.617,1.000,.224,87,.192,.500,0,0,,baglema01
232,Marvin Bagley III,26,WAS,PF,38,8,731,.626,4.8,.923,.573,.337,.008,.004,.077,.643,.759,.446,.500,1.000,.421,.610,1.000,.236,58,.211,.500,0,0,,baglema01
232,Marvin Bagley III,26,DAL,PF,22,4,470,.606,7.6,.800,.461,.309,.030,.000,.200,.636,.684,.549,.800,,.485,.631,1.000,.206,29,.182,.500,0,0,,baglema01
233,Santi Aldama,25,MEM,PF,43,11,1198,.479,14.1,.580,.206,.263,.082,.029,.420,.572,.714,.520,.513,.214,.350,.804,.986,.044,21,.245,.551,0,0,,aldamsa01
234,Daniel Gafford,27,DAL,C,55,44,1195,.655,2.7,1.000,.661,.313,.019,.006,.000,.655,.756,.465,.333,.500,,.643,,.345,92,,,0,0,,gaffoda01
235,Danny Wolf,21,BRK,PF,57,15,1187,.405,14.3,.520,.259,.227,.016,.018,.480,.480,.605,.380,.143,.250,.322,.591,.941,.032,12,.237,.340,0,0,,wolfda01
236,Jimmy Butler,36,GSW,SF,38,38,1182,.519,9.3,.816,.342,.303,.121,.050,.184,.552,.741,.479,.375,.130,.376,.505,.719,.067,30,.435,.432,0,0,,butleji01
237,Mouhamed Gueye,23,ATL,PF,77,8,1179,.452,13.1,.552,.338,.138,.055,.021,.448,.569,.735,.400,.125,.167,.308,.714,1.000,.183,48,.662,.244,0,0,,gueyemo02
238,GG Jackson II,21,MEM,PF,55,28,1178,.496,12.2,.625,.329,.232,.053,.012,.375,.595,.734,.471,.333,.333,.332,.576,.859,.113,51,.295,.439,1,1,,jacksgg01
239,Bones Hyland,25,MIN,PG,71,3,1177,.453,18.4,.361,.190,.088,.056,.028,.639,.568,.697,.317,.577,.462,.388,.333,.767,.002,0,.147,.477,0,0,,hylanbo01
240,De'Andre Hunter,28,2TM,SF,45,25,1176,.415,17.0,.509,.134,.176,.136,.064,.491,.522,.687,.432,.500,.469,.305,.662,.853,.034,14,.211,.365,0,0,,huntede01
240,De'Andre Hunter,28,CLE,SF,43,23,1125,.423,16.7,.508,.139,.170,.137,.062,.492,.535,.687,.463,.515,.433,.308,.664,.849,.035,14,.211,.360,0,0,,huntede01
240,De'Andre Hunter,28,SAC,SF,2,2,51,.211,17.2,.526,.000,.316,.105,.105,.474,.200,,.000,.000,1.000,.222,.500,1.000,.000,0,.222,.500,0,0,,huntede01
241,Mitchell Robinson,27,NYK,C,60,16,1175,.723,1.0,1.000,.922,.073,.005,.000,.000,.723,.732,.600,1.000,,,.577,,.515,97,,,0,0,,robinmi01
242,Simone Fontecchio,30,MIA,SF,70,9,1173,.412,18.9,.304,.151,.127,.013,.013,.696,.497,.634,.383,.167,.333,.375,.690,.976,.019,8,.280,.424,1,0,,fontesi01
243,Ryan Nembhard,22,DAL,PG,60,27,1171,.415,16.5,.654,.090,.159,.228,.177,.346,.447,.686,.435,.360,.449,.356,.281,.750,.000,0,.111,.333,0,0,,nembhry01
244,Landry Shamet,28,NYK,SG,51,12,1171,.437,19.6,.277,.162,.038,.044,.033,.723,.554,.712,.071,.375,.583,.392,.768,.981,.014,3,.445,.436,0,0,,shamela01
245,Day'Ron Sharpe,24,BRK,C,62,7,1160,.601,5.2,.890,.587,.292,.003,.008,.110,.647,.751,.462,.000,.000,.231,.537,1.000,.163,50,.333,.385,0,0,,sharpda01
246,Jared McCain,21,2TM,SG,67,3,1160,.425,17.3,.465,.160,.144,.108,.052,.535,.471,.571,.377,.500,.360,.385,.390,.848,.002,1,.226,.362,0,0,,mccaija01
246,Jared McCain,21,PHI,SG,37,1,620,.385,16.7,.485,.182,.156,.091,.056,.515,.393,.548,.278,.381,.231,.378,.341,.844,.000,0,.252,.367,0,0,,mccaija01
246,Jared McCain,21,OKC,SG,30,2,540,.462,17.9,.446,.141,.133,.124,.048,.554,.550,.600,.485,.581,.500,.391,.426,.852,.004,1,.203,.357,0,0,,mccaija01
247,Quinten Post,25,GSW,PF,67,35,1159,.440,17.9,.369,.141,.171,.030,.027,.631,.617,.806,.507,.462,.500,.336,.690,.989,.041,18,.307,.294,0,0,,postqu01
248,Svi Mykhailiuk,28,UTA,SF,50,41,1156,.478,18.3,.337,.130,.152,.036,.019,.663,.615,.702,.564,.538,.571,.408,.640,.929,.022,5,.413,.455,0,0,,mykhasv01
249,Caris LeVert,31,DET,SG,60,0,1154,.417,15.3,.540,.192,.217,.105,.026,.460,.488,.627,.447,.415,.100,.333,.466,.733,.033,13,.217,.410,0,0,,leverca01
250,Jakob Poeltl,30,TOR,C,46,44,1149,.700,3.7,1.000,.590,.297,.113,.000,.000,.700,.809,.576,.457,,,.788,,.061,18,,,0,0,,poeltja01
251,Craig Porter Jr.,25,CLE,PG,64,3,1148,.450,12.9,.640,.264,.205,.155,.016,.360,.503,.721,.321,.350,.750,.355,.530,.818,.050,13,.333,.419,0,0,,portecr01
252,Gary Payton II,33,GSW,SG,73,1,1142,.583,9.6,.694,.448,.236,.010,.000,.306,.712,.812,.541,.250,,.291,.805,.946,.111,44,.480,.328,0,0,,paytoga02
253,Dru Smith,28,MIA,SG,70,1,1141,.415,12.8,.603,.258,.292,.046,.006,.397,.495,.595,.411,.467,.500,.295,.464,.921,.000,0,.372,.313,0,0,,smithdr01
254,Isaiah Hartenstein,27,OKC,C,47,46,1137,.622,4.8,.976,.524,.314,.139,.000,.024,.637,.768,.484,.488,,.000,.777,,.304,78,.286,.000,0,0,,harteis01
255,Paul George,35,PHI,PF,37,37,1135,.439,18.0,.503,.115,.105,.150,.133,.497,.484,.576,.481,.390,.515,.392,.360,.780,.014,5,.220,.482,0,0,,georgpa01
256,Jarred Vanderbilt,26,LAL,PF,65,3,1128,.471,11.2,.588,.425,.154,.000,.008,.413,.596,.706,.297,,.500,.293,.690,.966,.192,41,.909,.300,0,0,,vandeja01
257,De'Anthony Melton,27,GSW,PG,49,24,1125,.407,15.0,.536,.159,.288,.051,.038,.464,.505,.667,.428,.519,.400,.294,.420,.875,.011,5,.220,.370,0,0,,meltode01
258,Luka Garza,27,BOS,C,69,6,1118,.577,11.7,.644,.353,.232,.048,.011,.356,.657,.722,.578,.588,.500,.433,.596,.982,.020,7,.134,.235,0,0,,garzalu01
259,Taylor Hendricks,22,2TM,PF,59,17,1118,.459,14.7,.482,.234,.214,.028,.006,.518,.585,.687,.474,.600,.500,.342,.710,.984,.082,25,.440,.370,0,0,,hendrta01
259,Taylor Hendricks,22,UTA,PF,33,6,492,.453,14.9,.453,.211,.211,.031,.000,.547,.586,.704,.444,.750,,.343,.853,1.000,.094,12,.586,.390,0,0,,hendrta01
259,Taylor Hendricks,22,MEM,PF,26,11,626,.463,14.5,.498,.247,.216,.026,.009,.502,.584,.679,.490,.500,.500,.342,.636,.974,.075,13,.351,.350,0,0,,hendrta01
260,John Konchar,29,2TM,SG,56,8,1115,.472,14.2,.503,.291,.166,.035,.010,.497,.660,.724,.606,.571,.000,.283,.697,.964,.025,5,.465,.283,0,0,,konchjo01
260,John Konchar,29,MEM,SG,30,1,435,.521,14.9,.451,.324,.085,.028,.014,.549,.750,.783,.833,.500,.000,.333,.750,1.000,.014,1,.564,.273,0,0,,konchjo01
260,John Konchar,29,UTA,SG,26,7,680,.445,13.6,.531,.273,.211,.039,.008,.469,.618,.686,.556,.600,.000,.250,.667,.933,.031,4,.400,.292,0,0,,konchjo01
261,Ousmane Dieng,22,2TM,C,57,20,1099,.422,17.2,.535,.133,.153,.153,.095,.465,.493,.717,.344,.508,.395,.341,.390,.730,.043,17,.168,.452,0,0,,diengou01
261,Ousmane Dieng,22,OKC,C,27,0,295,.418,18.0,.462,.110,.143,.121,.088,.538,.476,.600,.308,.545,.500,.367,.500,.667,.044,4,.184,.333,0,0,,diengou01
261,Ousmane Dieng,22,MIL,C,30,20,804,.423,16.5,.557,.140,.156,.163,.098,.443,.497,.744,.354,.500,.367,.331,.365,.756,.042,13,.162,.500,0,0,,diengou01
262,Jalen Smith,25,CHI,C,53,21,1095,.483,15.3,.455,.329,.097,.005,.025,.545,.614,.722,.333,.500,.300,.373,.770,1.000,.079,28,.250,.382,0,0,,smithja04
263,Kentavious Caldwell-Pope,32,MEM,SG,51,14,1088,.410,17.5,.525,.101,.161,.090,.172,.475,.495,.649,.475,.455,.444,.316,.726,.873,.016,4,.155,.333,0,0,,caldwke01
264,Hugo González,19,BOS,SF,74,3,1084,.476,13.8,.528,.260,.228,.028,.012,.472,.577,.750,.429,.286,.333,.362,.667,1.000,.057,12,.466,.407,0,0,,gonzahu01
265,Jusuf Nurkić,31,UTA,C,41,36,1083,.503,9.1,.802,.263,.472,.061,.006,.198,.540,.574,.515,.591,.500,.352,.710,1.000,.028,8,.042,.667,0,0,,nurkiju01
266,Miles McBride,25,NYK,SG,41,15,1080,.423,20.4,.329,.064,.087,.094,.084,.671,.444,.654,.371,.395,.412,.413,.424,.821,.007,2,.273,.365,0,0,,mcbrimi01
267,Corey Kispert,26,2TM,SF,58,10,1080,.467,17.2,.398,.234,.137,.028,.000,.602,.618,.750,.389,.636,,.367,.763,.954,.025,8,.207,.367,0,0,,kispeco01
267,Corey Kispert,26,WAS,SF,19,2,370,.496,18.0,.361,.193,.151,.017,.000,.639,.674,.783,.500,1.000,,.395,.759,.967,.025,3,.211,.375,0,0,,kispeco01
267,Corey Kispert,26,ATL,SF,39,8,710,.455,16.5,.415,.251,.131,.033,.000,.585,.596,.739,.333,.556,,.354,.765,.947,.025,5,.205,.364,0,0,,kispeco01
268,Rayan Rupert,21,2TM,SG,64,8,1072,.393,14.1,.565,.201,.265,.070,.029,.435,.446,.587,.361,.455,.222,.324,.481,.932,.032,8,.404,.309,0,0,,ruperra01
268,Rayan Rupert,21,POR,SG,48,0,577,.361,14.7,.517,.204,.224,.075,.014,.483,.408,.567,.273,.455,.000,.310,.452,.955,.027,3,.408,.241,0,0,,ruperra01
268,Rayan Rupert,21,MEM,SG,16,8,495,.422,13.5,.608,.199,.301,.066,.042,.392,.475,.606,.420,.455,.286,.338,.500,.909,.036,5,.400,.385,0,0,,ruperra01
269,Gradey Dick,22,TOR,SG,76,1,1067,.419,15.5,.516,.240,.130,.081,.065,.484,.530,.717,.360,.355,.400,.301,.829,1.000,.065,23,.366,.382,0,0,,dickgr01
270,Giannis Antetokounmpo,31,MIL,PF,36,36,1039,.624,6.1,.925,.610,.161,.064,.090,.075,.647,.800,.427,.289,.259,.333,.475,.867,.247,142,.022,1.000,0,0,AS,antetgi01
271,Tyler Herro,26,MIA,SG,33,28,1033,.480,16.3,.569,.091,.250,.181,.047,.431,.556,.702,.558,.516,.417,.378,.497,.750,.004,2,.108,.333,0,0,,herroty01
272,Jamir Watkins,24,WAS,SG,50,7,1032,.446,15.5,.466,.257,.172,.027,.010,.534,.616,.803,.412,.250,.333,.297,.541,.957,.125,36,.424,.299,0,0,,watkija01
273,Alex Caruso,31,OKC,SG,56,0,1020,.423,16.4,.397,.230,.133,.023,.010,.603,.622,.725,.450,.571,.667,.293,.689,.981,.027,7,.436,.241,0,0,,carusal01
274,Franz Wagner,24,ORL,SF,34,32,1019,.481,11.3,.726,.258,.345,.075,.047,.274,.533,.687,.457,.421,.417,.345,.515,.771,.030,13,.173,.417,0,0,,wagnefr01
275,Caleb Love,24,POR,SG,49,1,1013,.388,18.5,.404,.122,.167,.053,.061,.596,.490,.717,.366,.385,.467,.318,.412,.828,.014,3,.127,.216,0,0,,loveca01
276,Robert Williams,28,POR,C,59,1,1008,.708,4.5,.908,.644,.224,.032,.008,.092,.740,.807,.589,.375,1.000,.391,.696,1.000,.508,110,.826,.421,0,0,,williro04
277,Guerschon Yabusele,30,2TM,C,67,19,1007,.401,17.3,.372,.189,.138,.032,.013,.628,.483,.678,.279,.200,.500,.352,.679,.986,.032,7,.332,.369,0,0,,yabusgu01
277,Guerschon Yabusele,30,NYK,C,41,0,366,.393,17.0,.364,.243,.084,.028,.009,.636,.564,.654,.333,.333,1.000,.294,.727,.950,.028,1,.412,.393,0,0,,yabusgu01
277,Guerschon Yabusele,30,CHI,C,26,19,641,.405,17.6,.376,.161,.166,.034,.015,.624,.442,.697,.265,.143,.333,.383,.647,1.000,.034,6,.289,.351,0,0,,yabusgu01
278,Aaron Gordon,30,DEN,PF,36,33,1005,.497,13.7,.606,.294,.148,.093,.070,.394,.568,.769,.356,.378,.429,.389,.642,.852,.113,42,.242,.447,0,0,,gordoaa01
279,Nae'Qwan Tomlin,25,CLE,PF,64,3,1004,.478,10.4,.634,.503,.121,.010,.000,.366,.618,.684,.395,.000,,.235,.659,.963,.207,53,.609,.229,0,0,,tomlina01
280,Mike Conley,38,MIN,PG,54,15,991,.335,21.1,.228,.056,.107,.037,.028,.772,.327,.500,.261,.375,.167,.337,.750,.929,.000,0,.277,.413,0,0,,conlemi01
281,Olivier-Maxence Prosper,23,MEM,PF,53,24,984,.549,12.6,.577,.357,.183,.026,.011,.423,.653,.776,.516,.111,.250,.405,.758,.950,.094,31,.365,.389,0,0,,prospol01
282,Tyus Jones,29,3TM,PG,67,12,979,.349,19.1,.372,.050,.193,.092,.037,.628,.444,.455,.429,.500,.375,.292,.583,.800,.000,0,.219,.400,0,0,,jonesty01
282,Tyus Jones,29,ORL,PG,48,8,754,.342,19.2,.354,.057,.190,.089,.019,.646,.429,.444,.400,.500,.333,.294,.542,.833,.000,0,.225,.348,0,0,,jonesty01
282,Tyus Jones,29,DAL,PG,8,2,133,.382,18.9,.441,.059,.147,.118,.118,.559,.600,.500,.600,.750,.500,.211,.667,.750,.000,0,.158,.333,0,0,,jonesty01
282,Tyus Jones,29,DEN,PG,11,2,92,.346,19.3,.385,.000,.269,.077,.038,.615,.300,,.429,.000,.000,.375,.667,.667,.000,0,.250,.750,0,0,,jonesty01
283,Justin Edwards,22,PHI,SF,64,12,977,.447,17.6,.438,.159,.150,.094,.034,.563,.543,.784,.438,.333,.455,.372,.513,.910,.038,11,.167,.400,0,0,,edwarju01
284,Ochai Agbaji,25,2TM,SG,62,13,973,.436,13.7,.543,.346,.161,.025,.011,.457,.579,.711,.311,.571,.333,.266,.830,.941,.111,26,.430,.236,0,0,,agbajoc01
284,Ochai Agbaji,25,TOR,SG,42,13,650,.424,11.1,.618,.441,.159,.012,.006,.382,.571,.667,.296,1.000,.000,.185,.783,1.000,.141,19,.523,.206,0,0,,agbajoc01
284,Ochai Agbaji,25,BRK,SG,20,0,323,.455,16.4,.427,.200,.164,.045,.018,.573,.596,.864,.333,.400,.500,.349,.929,.909,.064,7,.333,.286,0,0,,agbajoc01
285,Goga Bitadze,26,ORL,C,64,3,972,.676,3.3,.951,.729,.191,.027,.004,.049,.701,.756,.558,.333,.000,.182,.687,1.000,.307,64,.364,.250,0,0,,bitadgo01
286,Rob Dillingham,21,2TM,PG,65,0,970,.396,12.9,.677,.245,.248,.097,.087,.323,.434,.564,.324,.450,.361,.316,.339,.786,.012,4,.195,.423,0,0,,dilliro01
286,Rob Dillingham,21,MIN,PG,35,0,326,.333,12.2,.766,.227,.270,.128,.142,.234,.324,.500,.184,.500,.150,.364,.400,.750,.014,2,.212,.571,0,0,,dilliro01
286,Rob Dillingham,21,CHI,PG,30,0,644,.428,13.5,.631,.255,.236,.081,.059,.369,.503,.594,.406,.409,.625,.300,.314,.800,.011,2,.190,.368,0,0,,dilliro01
287,Al Horford,39,GSW,C,45,13,969,.426,18.3,.367,.099,.222,.034,.012,.633,.538,.688,.458,.545,.750,.361,.703,.986,.012,4,.215,.386,0,0,,horfoal01
288,T.J. McConnell,33,IND,PG,56,4,963,.538,11.7,.889,.144,.278,.318,.149,.111,.565,.723,.520,.545,.537,.320,.292,.938,.000,0,.160,.500,0,0,,mccontj01
289,Kobe Brown,26,2TM,PF,61,10,963,.469,15.0,.487,.303,.148,.026,.011,.513,.568,.683,.425,.286,.000,.374,.533,.923,.074,20,.374,.423,0,0,,brownko01
289,Kobe Brown,26,LAC,PF,34,0,295,.393,16.4,.417,.214,.179,.012,.012,.583,.571,.667,.533,.000,.000,.265,.500,.923,.119,10,.327,.250,0,0,,brownko01
289,Kobe Brown,26,IND,PF,27,10,668,.503,13.7,.519,.342,.134,.032,.011,.481,.567,.688,.360,.333,.000,.433,.545,.923,.053,10,.400,.500,0,0,,brownko01
290,Anthony Gill,33,WAS,PF,55,8,951,.628,8.6,.777,.423,.312,.042,.000,.223,.707,.824,.582,.444,,.354,.737,1.000,.088,16,.354,.412,0,0,,gillan01
291,Kasparas Jakučionis,19,MIA,PG,53,12,945,.429,17.8,.345,.189,.126,.025,.004,.655,.439,.622,.267,.000,.000,.423,.417,.985,.000,0,.314,.571,0,0,,jakucka01
292,Jalen Williams,24,OKC,SG,33,33,936,.484,10.2,.827,.294,.260,.213,.061,.173,.523,.702,.448,.421,.333,.299,.358,.739,.067,27,.169,.308,0,0,,willija06
293,Jordan Poole,26,NOP,PG,39,8,933,.372,19.2,.351,.153,.133,.038,.027,.649,.442,.544,.407,.294,.250,.333,.420,.688,.002,1,.101,.448,0,0,,poolejo01
294,Clint Capela,31,HOU,C,75,3,926,.520,3.1,.991,.630,.344,.013,.004,.009,.520,.608,.385,.000,.000,.500,.624,1.000,.247,48,.500,1.000,0,0,,capelca01
295,Ben Saraf,19,BRK,SG,44,11,916,.396,10.6,.703,.333,.304,.053,.013,.297,.474,.594,.413,.188,.000,.211,.366,.789,.053,13,.189,.176,0,0,,sarafbe01
296,Micah Peavy,24,NOP,SG,61,4,913,.385,12.6,.607,.313,.200,.073,.022,.393,.467,.640,.291,.250,.333,.259,.590,1.000,.087,21,.444,.229,0,0,,peavymi01
297,Karlo Matković,24,NOP,PF,62,2,912,.604,10.8,.617,.447,.157,.013,.000,.383,.717,.848,.405,.000,,.422,.731,.974,.306,64,.522,.489,0,0,,matkoka01
298,Josh Green,25,CHO,SG,58,0,908,.459,19.4,.238,.138,.083,.017,.000,.762,.581,.640,.533,.333,,.420,.720,1.000,.039,6,.594,.451,0,0,,greenjo02
299,Micah Potter,27,IND,C,47,7,908,.515,16.1,.427,.249,.143,.003,.031,.573,.640,.753,.500,1.000,.333,.423,.738,1.000,.106,27,.452,.434,0,0,,pottemi01
300,Isaiah Jackson,24,2TM,C,55,14,908,.637,3.2,.987,.629,.321,.025,.013,.013,.645,.738,.526,.167,.000,.000,.616,,.186,39,.667,.000,0,0,,jacksis01
300,Isaiah Jackson,24,IND,C,38,14,638,.582,3.3,.994,.606,.345,.024,.018,.006,.585,.670,.491,.250,.000,.000,.615,,.152,21,.000,,0,0,,jacksis01
300,Isaiah Jackson,24,LAC,C,17,0,270,.764,3.0,.972,.681,.264,.028,.000,.028,.786,.878,.632,.000,,.000,.618,,.264,18,1.000,.000,0,0,,jacksis01
301,Dylan Cardwell,24,SAC,C,44,1,907,.587,4.8,.978,.441,.453,.078,.011,.022,.589,.810,.444,.214,.000,.500,.718,1.000,.358,54,.750,.333,0,0,,cardwdy01
302,Dwight Powell,34,DAL,C,63,12,904,.644,3.8,.931,.683,.238,.000,.010,.069,.670,.739,.458,,1.000,.286,.810,1.000,.139,12,.714,.400,0,0,,poweldw01
303,Paul Reed,26,DET,C,65,11,901,.617,6.9,.882,.413,.369,.071,.029,.118,.656,.793,.552,.542,.300,.325,.724,.923,.147,49,.300,.333,0,0,,reedpa01
304,Jaden Hardy,23,2TM,SG,57,4,898,.424,18.4,.389,.107,.145,.100,.037,.611,.467,.587,.419,.488,.250,.397,.385,.827,.019,5,.309,.457,0,0,,hardyja02
304,Jaden Hardy,23,DAL,SG,34,4,428,.402,18.6,.361,.082,.155,.098,.026,.639,.457,.500,.500,.474,.000,.371,.500,.783,.015,1,.315,.308,0,0,,hardyja02
304,Jaden Hardy,23,WAS,SG,23,0,470,.443,18.3,.413,.128,.136,.102,.047,.587,.474,.633,.344,.500,.364,.420,.304,.862,.021,4,.304,.595,0,0,,hardyja02
305,Quenton Jackson,27,IND,PG,49,19,897,.470,12.6,.640,.329,.213,.040,.058,.360,.533,.685,.414,.154,.368,.356,.563,.952,.079,21,.212,.200,0,0,,jacksqu01
306,Jaylen Clark,24,MIN,SG,68,1,888,.434,13.1,.557,.285,.206,.066,.000,.443,.520,.662,.447,.133,,.327,.500,.970,.039,9,.574,.328,1,0,,clarkja02
307,Cam Thomas,24,2TM,SG,42,8,881,.410,15.4,.636,.128,.197,.197,.113,.364,.468,.644,.374,.484,.404,.310,.336,.558,.004,2,.131,.318,1,0,,thomaca02
307,Cam Thomas,24,BRK,SG,24,8,582,.399,16.0,.620,.097,.221,.185,.117,.380,.445,.567,.353,.526,.389,.325,.365,.605,.003,1,.094,.364,1,0,,thomaca02
307,Cam Thomas,24,MIL,SG,18,0,299,.431,14.8,.667,.190,.150,.222,.105,.333,.510,.724,.435,.412,.438,.275,.288,.429,.007,1,.216,.273,0,0,,thomaca02
308,Bryce McGowens,23,NOP,SG,42,13,880,.481,12.6,.608,.266,.257,.072,.013,.392,.528,.635,.426,.471,.667,.409,.605,.921,.097,17,.441,.415,0,0,,mcgowbr01
309,Gabe Vincent,29,2TM,PG,53,7,879,.352,22.0,.199,.051,.065,.060,.023,.801,.395,.727,.286,.231,.400,.341,.353,.847,.000,0,.260,.400,0,0,,vincega01
309,Gabe Vincent,29,LAL,PG,29,7,559,.346,22.5,.208,.023,.077,.077,.031,.792,.259,.667,.200,.200,.250,.369,.429,.895,.000,0,.272,.429,0,0,,vincega01
309,Gabe Vincent,29,ATL,PG,24,0,320,.360,21.5,.186,.093,.047,.035,.012,.814,.625,.750,.500,.333,1.000,.300,.300,.762,.000,0,.243,.353,0,0,,vincega01
310,Jonas Valančiūnas,33,DEN,C,65,6,871,.582,7.3,.933,.333,.387,.169,.044,.067,.602,.677,.616,.515,.235,.308,.562,.875,.079,26,.038,1.000,0,0,,valanjo01
311,Jevon Carter,30,2TM,PG,53,1,867,.401,21.0,.300,.072,.052,.081,.094,.700,.489,.455,.250,.480,.655,.363,.489,.808,.003,1,.302,.369,0,0,,carteje01
311,Jevon Carter,30,CHI,PG,23,0,254,.398,20.9,.243,.097,.068,.029,.049,.757,.360,.400,.286,.667,.200,.410,.444,.813,.000,0,.295,.391,0,0,,carteje01
311,Jevon Carter,30,ORL,PG,30,1,613,.402,21.1,.328,.059,.044,.108,.118,.672,.537,.500,.222,.455,.750,.336,.500,.804,.005,1,.307,.357,0,0,,carteje01
312,Trendon Watford,25,PHI,PF,53,7,864,.515,8.6,.813,.317,.425,.060,.011,.187,.587,.694,.544,.375,.333,.200,.523,1.000,.015,3,.200,.100,0,0,,watfotr01
313,Julian Strawther,23,DEN,SG,57,14,861,.467,15.3,.530,.154,.241,.129,.006,.470,.538,.633,.506,.512,.000,.387,.637,.948,.013,4,.287,.442,0,0,,strawju01
314,Jalen Wilson,25,BRK,PF,54,2,859,.396,16.3,.453,.162,.237,.050,.004,.547,.444,.578,.348,.500,.000,.355,.518,.981,.000,0,.263,.400,0,0,,wilsoja03
315,Caleb Martin,30,DAL,SF,58,12,856,.450,12.2,.698,.312,.180,.085,.122,.302,.492,.729,.353,.188,.304,.351,.554,1.000,.058,9,.649,.378,0,0,,martica02
316,Kenrich Williams,31,OKC,PF,56,2,855,.473,14.8,.564,.264,.155,.064,.081,.436,.539,.692,.326,.526,.458,.388,.522,.920,.024,6,.225,.379,0,0,,willike04
317,Kyle Anderson,32,3TM,SF,43,5,853,.530,7.7,.946,.243,.559,.124,.020,.054,.539,.653,.504,.400,1.000,.364,.437,1.000,.030,5,.727,.375,0,0,,anderky01
317,Kyle Anderson,32,UTA,SF,20,0,401,.523,6.5,.954,.239,.633,.073,.009,.046,.519,.654,.478,.375,1.000,.600,.556,1.000,.055,5,.600,.667,0,0,,anderky01
317,Kyle Anderson,32,MEM,SF,4,3,89,.789,9.1,.947,.105,.579,.211,.053,.053,.778,1.000,.818,.500,1.000,1.000,.286,1.000,.000,0,1.000,1.000,0,0,,anderky01
317,Kyle Anderson,32,MIN,SF,19,2,363,.473,7.5,.932,.284,.446,.176,.027,.068,.507,.619,.455,.385,1.000,.000,.314,,.000,0,.800,.000,0,0,,anderky01
318,Daeqwon Plowden,27,SAC,SG,32,7,844,.430,18.5,.333,.136,.172,.025,.000,.667,.624,.921,.396,.571,,.333,.741,.952,.086,20,.247,.239,0,0,,plowdda01
319,Josh Minott,23,2TM,PF,49,11,834,.500,17.1,.393,.214,.151,.020,.008,.607,.626,.815,.447,.200,.000,.418,.629,.953,.103,22,.261,.450,0,0,,minotjo01
319,Josh Minott,23,BOS,PF,33,10,526,.507,16.1,.434,.228,.169,.029,.007,.566,.593,.806,.391,.250,.000,.442,.686,.941,.147,16,.312,.375,0,0,,minotjo01
319,Josh Minott,23,BRK,SF,16,1,308,.491,18.1,.345,.198,.129,.009,.009,.655,.675,.826,.533,.000,.000,.395,.556,.967,.052,6,.211,.563,0,0,,minotjo01
320,Javon Small,23,MEM,PG,41,12,830,.465,16.2,.507,.177,.212,.066,.052,.493,.507,.784,.361,.421,.267,.423,.365,.500,.038,10,.070,.600,0,0,,smallja01
321,Jonathan Kuminga,23,2TM,PF,36,14,830,.463,12.0,.690,.271,.260,.130,.029,.310,.521,.609,.511,.409,.300,.333,.459,.914,.109,32,.400,.333,1,1,,kuminjo01
321,Jonathan Kuminga,23,GSW,PF,20,13,476,.454,11.1,.727,.247,.330,.119,.031,.273,.504,.625,.500,.348,.167,.321,.465,.941,.129,21,.340,.389,0,0,,kuminjo01
321,Jonathan Kuminga,23,ATL,PF,16,1,354,.476,12.8,.641,.303,.166,.145,.028,.359,.548,.591,.542,.476,.500,.346,.451,.889,.083,11,.462,.292,1,1,,kuminjo01
322,Jalen Green,23,PHO,SG,32,27,828,.422,15.8,.557,.223,.131,.078,.125,.443,.509,.632,.358,.475,.469,.313,.331,.606,.043,13,.198,.467,0,0,,greenja05
323,Vince Williams Jr.,25,2TM,SG,40,12,820,.353,18.4,.394,.110,.164,.099,.021,.606,.417,.469,.375,.483,.167,.311,.375,.873,.014,3,.186,.364,0,0,,willivi01
323,Vince Williams Jr.,25,MEM,PG,34,12,736,.352,18.1,.398,.114,.163,.098,.023,.602,.419,.467,.395,.462,.167,.308,.341,.918,.011,2,.170,.370,0,0,,willivi01
323,Vince Williams Jr.,25,UTA,SG,6,0,84,.357,18.6,.357,.071,.179,.107,.000,.643,.400,.500,.200,.667,,.333,.750,.500,.036,1,.333,.333,0,0,,willivi01
324,Buddy Hield,33,2TM,SG,51,3,819,.437,19.4,.352,.159,.110,.037,.046,.648,.600,.750,.611,.500,.133,.349,.609,.919,.003,1,.222,.404,0,0,,hieldbu01
324,Buddy Hield,33,GSW,SG,44,3,768,.433,18.8,.350,.163,.113,.037,.037,.650,.600,.735,.588,.545,.091,.344,.587,.925,.003,1,.221,.395,0,0,,hieldbu01
324,Buddy Hield,33,ATL,SG,7,0,51,.481,20.1,.370,.111,.074,.037,.148,.630,.600,1.000,1.000,.000,.250,.412,.833,.857,.000,0,.235,.500,0,0,,hieldbu01
325,Carter Bryant,20,SAS,PF,71,0,818,.408,16.0,.415,.279,.079,.049,.008,.585,.509,.595,.381,.308,.000,.335,.661,.981,.109,22,.465,.278,0,0,,bryanca01
326,Nikola Jović,22,MIA,PF,47,1,808,.366,15.7,.468,.191,.232,.025,.019,.532,.476,.633,.411,.250,.000,.269,.686,.933,.010,2,.269,.156,0,0,,jovicni01
327,Jalen Pickett,26,DEN,SG,50,18,807,.422,18.2,.453,.103,.155,.103,.091,.547,.467,.667,.417,.417,.381,.386,.490,.776,.004,1,.220,.357,0,0,,pickeja02
328,Keegan Murray,25,SAC,PF,23,22,793,.420,15.9,.627,.083,.240,.223,.080,.373,.505,.720,.583,.403,.333,.277,.537,.935,.037,11,.161,.222,0,0,,murrake02
329,Aaron Holiday,29,HOU,PG,57,1,781,.417,20.0,.325,.067,.139,.083,.036,.675,.463,.588,.657,.190,.111,.394,.237,.940,.004,1,.300,.490,0,0,,holidaa01
330,Tyrese Martin,26,2TM,SG,46,6,777,.394,17.6,.404,.170,.173,.043,.018,.596,.500,.723,.313,.500,.200,.321,.482,.887,.022,6,.200,.242,0,0,,martity01
330,Tyrese Martin,26,BRK,SG,37,6,696,.392,17.7,.404,.161,.184,.043,.016,.596,.476,.707,.298,.455,.250,.336,.469,.882,.024,6,.197,.233,0,0,,martity01
330,Tyrese Martin,26,PHI,SG,9,0,81,.409,17.4,.409,.273,.045,.045,.045,.591,.778,.833,1.000,1.000,.000,.154,.571,1.000,.000,0,.231,.333,0,0,,martity01
331,Kristaps Porziņģis,30,2TM,C,32,23,769,.446,16.2,.588,.160,.198,.124,.106,.412,.522,.694,.468,.458,.439,.338,.563,.981,.077,26,.106,.647,0,0,,porzikr01
331,Kristaps Porziņģis,30,ATL,C,17,12,413,.457,15.8,.590,.181,.171,.119,.119,.410,.524,.632,.472,.480,.480,.360,.615,1.000,.090,17,.174,.667,0,0,,porzikr01
331,Kristaps Porziņģis,30,GSW,C,15,11,356,.433,16.5,.584,.135,.230,.129,.090,.416,.519,.792,.463,.435,.375,.311,.500,.957,.062,9,.027,.500,0,0,,porzikr01
332,Jabari Walker,23,PHI,PF,64,6,762,.455,12.5,.554,.390,.131,.019,.014,.446,.551,.663,.321,.000,.333,.337,.508,1.000,.066,10,.516,.408,0,0,,walkeja01
333,Noah Penda,21,ORL,SF,59,2,757,.404,13.9,.542,.241,.256,.025,.020,.458,.473,.673,.288,.200,.750,.323,.442,.933,.064,13,.376,.314,0,0,,pendano01
334,Scoot Henderson,21,POR,PG,30,10,748,.418,15.8,.526,.205,.184,.073,.064,.474,.478,.614,.286,.520,.545,.352,.384,.772,.035,11,.185,.233,0,0,,hendesc01
335,Pete Nance,25,MIL,PF,47,6,737,.515,17.1,.387,.211,.155,.015,.005,.613,.667,.878,.467,.000,.000,.420,.720,.980,.072,12,.319,.447,0,0,,nancepe01
336,Thomas Bryant,28,CLE,C,60,1,732,.506,14.3,.509,.311,.150,.034,.015,.491,.647,.699,.625,.444,.250,.359,.807,1.000,.146,34,.214,.286,0,0,,bryanth01
337,Steven Adams,32,HOU,C,32,11,730,.504,2.6,1.000,.655,.309,.036,.000,.000,.504,.582,.349,.400,,,.514,,.129,13,,,0,0,,adamsst01
338,Lonzo Ball,28,CLE,PG,35,3,728,.301,22.5,.165,.097,.023,.023,.023,.835,.448,.588,.250,.500,.000,.272,.538,.850,.011,1,.197,.241,0,0,,balllo01
339,Tyler Kolek,24,NYK,PG,62,1,727,.435,15.6,.540,.173,.218,.133,.016,.460,.478,.651,.389,.394,.500,.386,.344,.727,.000,0,.140,.438,0,0,,kolekty01
340,Leonard Miller,22,2TM,SF,46,12,719,.553,10.8,.622,.466,.134,.019,.004,.378,.693,.770,.457,.400,1.000,.323,.690,.969,.149,38,.465,.413,0,0,,millele01
340,Leonard Miller,22,MIN,SF,19,0,95,.545,10.7,.636,.424,.212,.000,.000,.364,.810,.857,.714,,,.083,.706,1.000,.152,5,.750,.111,0,0,,millele01
340,Leonard Miller,22,CHI,SF,27,12,624,.555,11.0,.620,.472,.122,.022,.004,.380,.676,.759,.393,.400,1.000,.356,.688,.968,.148,33,.425,.486,0,0,,millele01
341,Grant Williams,27,CHO,PF,36,3,711,.426,20.4,.268,.060,.115,.071,.022,.732,.531,.818,.381,.462,.750,.388,.731,.942,.011,2,.351,.426,0,0,,willigr01
342,Nick Richards,28,2TM,C,48,6,701,.512,5.6,.910,.488,.338,.065,.020,.090,.536,.704,.324,.462,.250,.278,.724,1.000,.244,45,.667,.333,0,0,,richani01
342,Nick Richards,28,PHO,C,28,2,254,.493,5.2,1.000,.380,.437,.141,.042,.000,.493,.704,.323,.500,.333,,.743,,.225,15,,,0,0,,richani01
342,Nick Richards,28,CHI,C,20,4,447,.523,5.9,.862,.546,.285,.023,.008,.138,.563,.704,.324,.333,.000,.278,.714,1.000,.254,30,.667,.333,0,0,,richani01
343,Sharife Cooper,24,WAS,PG,41,1,700,.514,12.2,.692,.312,.178,.138,.065,.308,.573,.701,.364,.559,.563,.382,.245,.690,.000,0,.382,.310,0,0,,coopesh01
344,Devin Carter,23,SAC,PG,38,12,700,.414,13.6,.610,.205,.329,.062,.014,.390,.511,.700,.479,.167,.000,.263,.330,.667,.065,17,.096,.364,0,0,,cartede02
345,Jett Howard,22,ORL,SF,55,0,695,.418,17.0,.422,.167,.187,.040,.028,.578,.481,.667,.362,.400,.286,.372,.667,.926,.036,6,.297,.442,0,0,,howarje01
346,Jordan Hawkins,23,NOP,SG,51,1,692,.366,18.9,.475,.105,.066,.109,.195,.525,.385,.630,.176,.357,.340,.348,.617,.894,.031,3,.193,.500,0,0,,hawkijo01
347,Rasheer Fleming,21,PHO,PF,55,1,673,.405,16.1,.395,.279,.074,.023,.019,.605,.494,.567,.438,.000,.250,.346,.738,1.000,.079,15,.546,.380,0,0,,flemira01
348,Jahmai Mashack,23,MEM,SG,31,7,673,.395,12.6,.615,.287,.272,.041,.015,.385,.483,.589,.415,.375,.000,.253,.655,.895,.000,0,.213,.063,0,0,,mashaja01
349,Tristan Vukcevic,22,WAS,C,49,12,671,.479,16.2,.546,.170,.170,.142,.063,.454,.590,.796,.648,.422,.250,.347,.745,.880,.050,14,.056,.375,0,0,,vukcetr01
350,Jaden Ivey,23,2TM,SG,37,5,670,.445,17.6,.477,.145,.191,.090,.051,.523,.525,.541,.510,.478,.615,.373,.578,.880,.020,5,.164,.409,0,0,,iveyja01
350,Jaden Ivey,23,DET,SG,33,2,555,.450,16.9,.486,.141,.205,.095,.045,.514,.533,.581,.489,.476,.700,.372,.579,.881,.023,5,.177,.400,0,0,,iveyja01
350,Jaden Ivey,23,CHI,SG,4,3,115,.417,18.3,.417,.167,.111,.056,.083,.583,.467,.333,.750,.500,.333,.381,.571,.875,.000,0,.095,.500,0,0,,iveyja01
351,Tre Mann,24,CHO,PG,53,1,669,.360,17.7,.488,.122,.172,.135,.059,.512,.399,.595,.327,.341,.333,.323,.322,.660,.010,2,.187,.379,0,0,,manntr01
352,Gary Harris,31,MIL,SG,48,2,661,.442,18.4,.346,.106,.144,.067,.029,.654,.500,.818,.333,.571,.000,.412,.611,1.000,.010,1,.544,.486,0,0,,harriga01
353,Ethan Thompson,26,IND,SG,32,13,653,.378,17.7,.408,.133,.143,.107,.026,.592,.450,.615,.500,.143,.600,.328,.694,.947,.005,1,.388,.333,0,0,,thompet01
354,Jamaree Bouyea,26,PHO,PG,46,1,644,.458,13.9,.669,.191,.246,.106,.127,.331,.538,.933,.431,.400,.267,.295,.447,.609,.038,7,.205,.375,0,0,,bouyeja01
355,Johnny Furphy,21,IND,SG,35,21,643,.470,13.6,.523,.302,.208,.000,.013,.477,.603,.711,.484,,.000,.324,.766,.957,.128,19,.408,.345,0,0,,furphjo01
356,Mohamed Diawara,20,NYK,SF,69,7,634,.423,17.9,.390,.197,.103,.042,.047,.610,.506,.548,.273,.667,.700,.369,.619,.979,.014,2,.254,.576,0,0,,diawamo01
357,Zeke Nnaji,25,DEN,PF,52,4,626,.470,11.6,.642,.430,.139,.020,.053,.358,.588,.708,.381,.000,.375,.259,.789,1.000,.166,22,.333,.278,0,0,,nnajize01
358,Anthony Davis,32,DAL,PF,20,20,626,.506,9.2,.889,.332,.278,.156,.123,.111,.535,.730,.462,.365,.390,.270,.560,.900,.141,42,.135,.400,0,0,,davisan02
359,Dorian Finney-Smith,32,HOU,PF,37,1,620,.333,19.6,.242,.182,.053,.008,.000,.758,.531,.583,.429,.000,,.270,.588,.926,.015,1,.390,.179,0,0,,finnedo01
360,Kam Jones,23,IND,SG,37,7,616,.402,14.6,.556,.154,.337,.047,.018,.444,.489,.692,.386,.500,.667,.293,.391,.818,.006,0,.240,.278,0,0,,joneska03
361,Kevin Love,37,UTA,PF,37,5,613,.397,19.5,.286,.151,.085,.035,.015,.714,.456,.367,.529,.571,.667,.373,.654,1.000,.000,0,.169,.458,0,0,,loveke01
362,Taurean Prince,31,MIL,SF,26,7,611,.450,20.3,.267,.063,.089,.089,.026,.733,.490,.833,.294,.412,.600,.436,.640,.885,.010,2,.486,.485,0,0,,princta02
363,Jase Richardson,20,ORL,SG,54,0,587,.473,14.1,.580,.191,.277,.085,.027,.420,.560,.722,.481,.438,.600,.354,.574,.929,.043,6,.329,.462,0,0,,richaja02
364,Tidjane Salaün,20,CHO,PF,37,0,575,.503,15.1,.478,.270,.208,.000,.000,.522,.579,.744,.364,,,.434,.750,.972,.069,9,.337,.500,0,0,,salauti01
365,Ja Morant,26,MEM,PG,20,20,569,.410,12.5,.736,.227,.258,.177,.075,.264,.473,.658,.410,.404,.292,.235,.241,.700,.031,9,.141,.500,0,0,,moranja01
366,Domantas Sabonis,29,SAC,C,19,15,564,.543,6.6,.878,.421,.376,.077,.005,.122,.593,.699,.458,.706,.000,.185,.678,1.000,.104,23,.222,.167,0,0,,sabondo01
367,Dalton Knecht,24,LAL,SF,54,1,553,.455,17.9,.419,.157,.120,.115,.026,.581,.613,.733,.522,.591,.400,.342,.694,.947,.073,12,.252,.321,0,0,,knechda01
368,Drew Eubanks,28,SAC,C,42,11,552,.596,6.4,.955,.314,.494,.135,.013,.045,.617,.837,.519,.524,.000,.143,.826,1.000,.269,35,.714,.200,0,0,,eubandr01
369,Dalen Terry,23,2TM,SG,48,0,551,.439,12.7,.574,.335,.187,.026,.026,.426,.494,.615,.276,.750,.250,.364,.477,.958,.039,5,.485,.406,0,0,,terryda01
369,Dalen Terry,23,CHI,SG,34,0,377,.441,13.0,.549,.363,.157,.010,.020,.451,.464,.568,.313,.000,.000,.413,.538,1.000,.029,3,.522,.500,0,0,,terryda01
369,Dalen Terry,23,PHI,SG,14,0,174,.434,12.5,.623,.283,.245,.057,.038,.377,.545,.733,.231,1.000,.500,.250,.389,.800,.057,2,.400,.125,0,0,,terryda01
370,Tyrese Proctor,21,CLE,PG,50,1,545,.413,17.8,.418,.169,.138,.062,.049,.582,.500,.632,.323,.643,.364,.351,.404,.696,.027,6,.160,.381,0,0,,proctty01
371,Elijah Harkless,25,UTA,SG,26,9,545,.335,16.3,.453,.186,.168,.062,.037,.547,.452,.500,.481,.300,.333,.239,.424,.952,.006,1,.330,.310,0,0,,harklej01
372,Terrence Shannon Jr.,25,MIN,SG,43,2,538,.450,13.7,.556,.345,.140,.035,.035,.444,.484,.593,.292,.333,.333,.408,.457,.677,.058,9,.382,.310,0,0,,shannte01
373,Keaton Wallace,26,ATL,PG,53,3,536,.398,19.8,.404,.041,.123,.175,.064,.596,.435,.571,.429,.500,.182,.373,.400,.895,.006,1,.078,.500,0,0,,wallake01
374,Moussa Cisse,23,DAL,C,38,1,530,.574,1.8,1.000,.791,.209,.000,.000,.000,.574,.648,.292,,,,.682,,.374,37,,,0,0,,cissemo01
375,Cole Anthony,25,MIL,PG,35,0,527,.424,14.0,.688,.143,.268,.199,.078,.312,.478,.606,.419,.478,.444,.306,.211,.727,.009,0,.236,.412,0,0,,anthoco01
376,Jayson Tatum,27,BOS,PF,16,16,522,.411,16.8,.502,.171,.167,.098,.066,.498,.493,.694,.396,.464,.263,.329,.239,.532,.017,4,.070,.400,0,0,,tatumja01
377,Jonathan Isaac,28,ORL,PF,52,0,521,.422,11.0,.651,.404,.165,.046,.037,.349,.549,.636,.500,.200,.250,.184,.641,1.000,.248,22,.711,.222,0,0,,isaacjo01
378,Jamison Battle,24,TOR,SF,61,2,517,.510,17.3,.414,.228,.103,.048,.034,.586,.650,.636,.800,.571,.400,.412,.846,1.000,.048,6,.318,.444,1,0,,battlja01
379,Asa Newell,20,ATL,PF,44,2,500,.538,12.1,.556,.402,.154,.000,.000,.444,.660,.721,.500,,,.387,.677,1.000,.183,26,.600,.378,0,0,,newelas01
380,Ariel Hukporti,23,NYK,C,54,5,498,.563,4.8,.950,.550,.350,.050,.000,.050,.579,.795,.286,.250,,.250,.864,1.000,.238,18,.000,,0,0,,hukpoar01
381,Trayce Jackson-Davis,25,2TM,C,53,1,496,.573,2.3,.992,.710,.282,.000,.000,.008,.569,.682,.286,,,1.000,.714,1.000,.339,37,.000,,1,1,,jackstr02
381,Trayce Jackson-Davis,25,GSW,C,36,1,411,.588,2.9,.990,.667,.324,.000,.000,.010,.584,.721,.303,,,1.000,.780,1.000,.343,31,.000,,1,1,,jackstr02
381,Trayce Jackson-Davis,25,TOR,C,17,0,85,.500,1.6,1.000,.909,.091,.000,.000,.000,.500,.550,.000,,,,.364,,.318,6,,,0,0,,jackstr02
382,D'Angelo Russell,29,DAL,PG,26,3,495,.405,17.3,.517,.086,.194,.159,.078,.483,.508,.650,.511,.486,.389,.295,.295,.758,.000,0,.152,.118,0,0,,russeda01
383,Taelon Peter,23,IND,SG,38,0,492,.380,21.6,.209,.152,.032,.000,.025,.791,.576,.667,.200,,.500,.328,.737,.927,.057,8,.240,.267,0,0,,peterta01
384,Bez Mbeng,22,UTA,SG,15,5,492,.500,10.3,.690,.320,.340,.030,.000,.310,.638,.750,.588,.000,,.194,.705,.833,.000,0,.355,.000,0,0,,mbengbe01
385,Amir Coffey,28,2TM,SG,46,3,490,.487,15.3,.566,.177,.177,.133,.080,.434,.594,.950,.400,.400,.556,.347,.553,1.000,.018,2,.490,.333,0,0,,coffeam01
385,Amir Coffey,28,MIL,SG,30,2,265,.473,15.6,.545,.200,.127,.127,.091,.455,.633,1.000,.286,.571,.400,.280,.526,1.000,.018,1,.640,.250,0,0,,coffeam01
385,Amir Coffey,28,PHO,SG,16,1,225,.500,14.9,.586,.155,.224,.138,.069,.414,.559,.889,.462,.250,.750,.417,.579,1.000,.017,1,.333,.500,0,0,,coffeam01
386,Branden Carlson,26,OKC,C,42,4,488,.527,13.4,.538,.349,.167,.011,.011,.462,.670,.815,.452,.000,.000,.360,.836,1.000,.258,42,.174,.333,0,0,,carlsbr01
387,Jamal Cain,26,ORL,SF,40,1,486,.487,14.8,.520,.224,.184,.079,.033,.480,.582,.618,.607,.417,.600,.384,.739,.929,.072,10,.534,.359,0,0,,cainja01
388,Cam Christie,20,LAC,SG,55,0,480,.381,12.5,.647,.245,.281,.115,.007,.353,.456,.647,.282,.500,.000,.245,.732,1.000,.065,6,.265,.385,0,0,,chrisca02
389,Matisse Thybulle,28,POR,SG,30,0,480,.433,18.5,.306,.179,.119,.007,.000,.694,.512,.708,.188,1.000,,.398,.524,.973,.022,3,.366,.324,0,0,,thybuma01
390,Jeremy Sochan,22,2TM,PF,44,0,469,.496,10.7,.651,.426,.186,.023,.016,.349,.631,.745,.458,.333,.000,.244,.774,1.000,.186,20,.511,.348,0,0,,sochaje01
390,Jeremy Sochan,22,SAS,PF,28,0,358,.475,10.9,.646,.394,.222,.020,.010,.354,.594,.692,.500,.000,.000,.257,.789,1.000,.172,13,.514,.389,0,0,,sochaje01
390,Jeremy Sochan,22,NYK,PF,16,0,111,.567,10.4,.667,.533,.067,.033,.033,.333,.750,.875,.000,1.000,.000,.200,.733,1.000,.233,7,.500,.200,0,0,,sochaje01
391,Maxi Kleber,34,LAL,PF,43,1,461,.452,12.2,.644,.274,.274,.096,.000,.356,.574,.600,.650,.286,,.231,1.000,1.000,.164,12,.154,.000,0,0,,klebima01
392,Marcus Sasser,25,DET,PG,38,5,457,.390,19.1,.401,.085,.136,.096,.085,.599,.352,.600,.333,.176,.333,.415,.560,.818,.000,0,.255,.593,0,0,,sassema01
393,AJ Johnson,21,2TM,SG,48,0,454,.324,11.0,.676,.352,.301,.011,.011,.324,.378,.500,.264,.000,.000,.211,.356,.750,.068,8,.193,.273,0,0,,johnsaj01
393,AJ Johnson,21,WAS,SG,25,0,214,.325,11.0,.699,.301,.361,.024,.012,.301,.345,.480,.267,.000,.000,.280,.350,.857,.108,6,.160,.250,0,0,,johnsaj01
393,AJ Johnson,21,DAL,SG,23,0,240,.323,11.0,.656,.398,.247,.000,.011,.344,.410,.514,.261,,.000,.156,.360,.600,.032,2,.219,.286,0,0,,johnsaj01
394,Bogdan Bogdanović,33,LAC,SG,23,3,452,.388,19.6,.375,.112,.105,.099,.059,.625,.456,.647,.188,.667,.222,.347,.231,.667,.000,0,.105,.600,0,0,,bogdabo01
395,Tony Bradley,28,2TM,C,41,4,450,.547,6.8,.966,.504,.359,.043,.060,.034,.549,.678,.405,.400,.429,.500,.677,1.000,.077,8,1.000,.500,0,0,,bradlto01
395,Tony Bradley,28,IND,C,38,3,416,.557,4.6,.981,.509,.377,.038,.057,.019,.558,.667,.425,.500,.500,.500,.690,1.000,.075,7,1.000,.500,0,0,,bradlto01
395,Tony Bradley,28,ATL,C,3,1,34,.455,9.0,.818,.455,.182,.091,.091,.182,.444,.800,.000,.000,.000,.500,.500,1.000,.091,1,1.000,.500,0,0,,bradlto01
396,Larry Nance Jr.,33,CLE,PF,35,3,449,.419,14.2,.492,.315,.137,.040,.000,.508,.508,.667,.176,.400,,.333,.774,1.000,.153,16,.476,.467,0,0,,nancela02
397,Oscar Tshiebwe,26,UTA,C,27,6,448,.634,3.9,1.000,.531,.400,.069,.000,.000,.634,.701,.569,.500,,,.685,,.110,14,,,0,0,,tshieos01
398,Doug McDermott,34,SAC,SF,29,0,439,.388,23.9,.115,.029,.043,.043,.000,.885,.375,.500,.500,.167,,.390,.667,1.000,.014,1,.154,.789,0,0,,mcderdo01
399,Leaky Black,26,WAS,SF,15,9,433,.388,18.0,.466,.136,.087,.146,.097,.534,.438,.500,.333,.400,.500,.345,.571,.947,.029,2,.473,.423,0,0,,blackle01
400,Julian Phillips,22,2TM,SF,48,2,428,.421,14.6,.463,.314,.124,.017,.008,.537,.554,.605,.333,1.000,1.000,.308,.677,1.000,.182,17,.615,.300,0,0,,phillju01
400,Julian Phillips,22,CHI,SF,35,2,334,.420,14.6,.443,.352,.068,.011,.011,.557,.538,.548,.333,1.000,1.000,.327,.714,1.000,.216,14,.612,.300,0,0,,phillju01
400,Julian Phillips,22,MIN,SF,13,0,94,.424,14.5,.515,.212,.273,.030,.000,.485,.588,.857,.333,1.000,,.250,.600,1.000,.091,3,.625,.300,0,0,,phillju01
401,Moritz Wagner,28,ORL,C,36,0,427,.426,11.5,.641,.251,.369,.021,.000,.359,.488,.653,.375,.500,,.314,.836,.909,.041,8,.229,.375,0,0,,wagnemo01
402,Yanic Konan Niederhäuser,22,LAC,C,41,0,424,.640,4.1,.950,.570,.350,.030,.000,.050,.663,.702,.629,.333,,.200,.714,1.000,.350,29,.200,.000,0,0,,konanya01
403,Obi Toppin,27,IND,PF,24,3,424,.503,15.9,.472,.261,.111,.075,.025,.528,.670,.769,.682,.467,.200,.352,.730,1.000,.121,21,.200,.381,0,0,,toppiob01
404,Khaman Maluach,19,PHO,C,46,1,411,.533,6.9,.800,.629,.152,.019,.000,.200,.607,.682,.313,.500,,.238,.627,1.000,.248,23,.333,.143,0,0,,maluakh01
405,Myron Gardner,24,MIA,SF,45,7,411,.480,14.7,.480,.301,.138,.033,.008,.520,.559,.622,.529,.250,.000,.406,.515,.923,.049,5,.266,.235,0,0,,gardnmy01
406,Andre Jackson Jr.,24,MIL,SG,48,1,408,.328,15.3,.496,.252,.160,.067,.017,.504,.407,.567,.368,.000,.000,.250,.625,.800,.134,12,.400,.250,0,0,,jacksan01
407,Killian Hayes,24,SAC,PG,23,3,406,.304,17.8,.543,.036,.188,.225,.094,.457,.333,.600,.423,.290,.154,.270,.280,.706,.000,0,.127,.125,0,0,,hayeski01
408,Jae'Sean Tate,30,HOU,SF,46,1,405,.514,10.4,.706,.312,.303,.083,.009,.294,.597,.765,.515,.222,1.000,.313,.500,.900,.018,2,.625,.350,0,0,,tateja01
409,Julian Reese,22,WAS,PF,13,10,402,.529,5.0,1.000,.504,.303,.151,.042,.000,.529,.733,.250,.500,.200,,.667,,.134,14,,,0,0,,reeseju01
410,Dejounte Murray,29,NOP,PG,14,14,389,.484,13.7,.659,.214,.231,.159,.055,.341,.575,.641,.476,.690,.400,.306,.217,.684,.011,2,.161,.200,0,0,,murrade01
411,Trae Young,27,2TM,PG,15,15,384,.458,17.2,.548,.147,.175,.153,.073,.452,.557,.692,.516,.556,.385,.338,.426,.481,.000,0,.100,.375,0,0,,youngtr01
411,Trae Young,27,ATL,PG,10,10,280,.415,16.6,.563,.156,.178,.156,.074,.437,.500,.619,.500,.476,.300,.305,.395,.556,.000,0,.119,.429,0,0,,youngtr01
411,Trae Young,27,WAS,PG,5,5,104,.595,17.9,.500,.119,.167,.143,.071,.500,.762,1.000,.571,.833,.667,.429,.500,.333,.000,0,.048,.000,0,0,,youngtr01
412,Tyson Etienne,26,BRK,PG,24,2,380,.400,21.1,.255,.069,.090,.034,.062,.745,.405,.400,.462,.600,.222,.398,.467,.860,.007,1,.296,.375,0,0,,etienty01
413,Bronny James,21,LAL,SG,42,1,375,.409,17.9,.504,.104,.130,.148,.122,.496,.431,.833,.267,.353,.357,.386,.560,.727,.061,6,.140,.250,0,0,,jamesbr02
414,Nick Smith Jr.,21,LAL,SG,30,1,375,.435,19.1,.466,.037,.180,.199,.050,.534,.480,.667,.517,.406,.500,.395,.250,.706,.006,1,.116,.200,0,0,,smithni01
415,Cameron Payne,31,PHI,PG,22,1,374,.376,20.0,.349,.094,.161,.074,.020,.651,.462,.500,.458,.545,.000,.330,.250,.531,.000,0,.041,.250,0,0,,payneca01
416,Liam McNeeley,20,CHO,SF,31,0,368,.400,18.0,.368,.126,.211,.032,.000,.632,.400,.667,.300,.000,,.400,.714,.958,.000,0,.350,.381,0,0,,mcneeli01
417,Blake Wesley,22,POR,SG,31,0,361,.452,11.2,.710,.395,.145,.113,.056,.290,.523,.714,.389,.214,.143,.278,.391,1.000,.016,2,.278,.300,0,0,,weslebl01
418,Jeremiah Robinson-Earl,25,2TM,PF,22,3,361,.370,12.6,.590,.350,.160,.050,.030,.410,.458,.514,.313,.600,.333,.244,.481,1.000,.040,4,.561,.174,0,0,,robinje02
418,Jeremiah Robinson-Earl,25,IND,PF,17,3,300,.349,12.3,.602,.349,.169,.060,.024,.398,.420,.448,.286,.600,.500,.242,.476,1.000,.024,2,.485,.188,0,0,,robinje02
418,Jeremiah Robinson-Earl,25,DAL,PF,5,0,61,.471,12.9,.529,.353,.118,.000,.059,.471,.667,.833,.500,,.000,.250,.500,1.000,.118,2,.875,.143,0,0,,robinje02
419,Kelly Olynyk,34,SAS,C,42,0,360,.490,14.4,.510,.302,.156,.031,.021,.490,.714,.862,.533,.000,1.000,.255,.429,1.000,.010,1,.191,.444,0,0,,olynyke01
420,Malachi Smith,26,BRK,SG,15,4,359,.485,14.8,.535,.202,.253,.061,.020,.465,.528,.550,.520,.500,.500,.435,.393,.850,.000,0,.217,.400,0,0,,smithma02
421,Christian Koloko,25,3TM,C,27,4,357,.419,6.8,.878,.446,.297,.108,.027,.122,.462,.636,.273,.375,.000,.111,.833,1.000,.311,17,.444,.000,0,0,,kolokch01
421,Christian Koloko,25,LAL,C,2,0,6,,,,,,,,,,,,,,,,,,0,,,0,0,,kolokch01
421,Christian Koloko,25,MEM,C,11,2,195,.400,4.9,.971,.486,.371,.086,.029,.029,.412,.588,.308,.000,.000,.000,.786,,.314,8,.000,,0,0,,kolokch01
421,Christian Koloko,25,ATL,C,14,2,156,.436,8.7,.795,.410,.231,.128,.026,.205,.516,.688,.222,.600,.000,.125,.875,1.000,.308,9,.500,.000,0,0,,kolokch01
422,Kennedy Chandler,23,UTA,PG,11,2,355,.445,11.6,.723,.255,.343,.088,.036,.277,.465,.629,.404,.333,.200,.395,.370,.733,.000,0,.263,.400,0,0,,chandke01
423,Cam Whitmore,21,WAS,SF,21,0,354,.456,12.1,.669,.361,.213,.047,.047,.331,.540,.770,.278,.375,.125,.286,.590,.625,.142,19,.054,.000,0,0,,whitmca01
424,E.J. Liddell,25,BRK,PF,26,5,349,.486,14.7,.532,.189,.270,.054,.018,.468,.610,.762,.500,.667,.500,.346,.500,1.000,.072,6,.385,.400,0,0,,liddeej01
425,Brooks Barnhizer,23,OKC,SG,40,0,348,.380,12.5,.662,.282,.183,.169,.028,.338,.426,.550,.385,.333,.000,.292,.550,.857,.070,3,.458,.455,0,0,,barnhbr01
426,Chaney Johnson,23,BRK,SF,17,1,348,.543,10.6,.681,.436,.181,.064,.000,.319,.656,.707,.471,.833,,.300,.500,.778,.138,12,.167,.400,0,0,,johnsch06
427,Isaiah Livers,27,PHO,PF,36,0,347,.344,17.7,.375,.172,.141,.031,.031,.625,.417,.727,.111,.500,.000,.300,.500,1.000,.047,2,.450,.333,0,0,,liveris01
428,Lachlan Olbrich,22,CHI,C,37,2,344,.468,8.3,.753,.494,.247,.000,.013,.247,.586,.658,.421,,1.000,.105,.706,1.000,.065,4,.368,.000,0,0,,olbrila01
429,Ty Jerome,28,MEM,SG,15,15,339,.474,16.9,.535,.098,.242,.172,.023,.465,.522,.667,.442,.622,.000,.420,.300,.238,.000,0,.050,.800,0,0,,jeromty01
430,Ron Harper Jr.,25,BOS,SF,29,3,318,.418,19.7,.273,.118,.118,.036,.000,.727,.600,.846,.385,.500,,.350,.389,.964,.018,2,.350,.357,0,0,,harpero02
431,Joan Beringer,19,MIN,PF,40,3,314,.663,1.9,1.000,.806,.194,.000,.000,.000,.663,.734,.368,,,,.738,,.337,32,,,0,0,,berinjo01
432,Jalen Slawson,26,IND,SF,13,6,311,.442,15.9,.481,.260,.143,.039,.039,.519,.514,.850,.091,.333,.000,.375,.842,1.000,.091,6,.200,.250,0,0,,slawsja01
433,Kevon Looney,29,NOP,C,21,8,308,.417,8.3,.783,.533,.150,.050,.050,.217,.489,.625,.222,.000,.333,.154,.304,1.000,.033,1,.077,.000,0,0,,looneke01
434,Tyler Burton,25,MEM,SF,12,0,307,.375,16.8,.411,.214,.134,.054,.009,.589,.435,.542,.267,.500,.000,.333,.650,.955,.027,2,.197,.462,0,0,,burtoty01
435,Yang Hansen,20,POR,C,43,1,300,.310,13.5,.580,.250,.270,.060,.000,.420,.448,.680,.333,.000,,.119,.615,1.000,.100,7,.238,.100,0,0,,yangha01
436,Pat Connaughton,33,CHO,SG,42,0,297,.447,17.1,.388,.153,.212,.024,.000,.612,.515,.538,.556,.000,,.404,.765,1.000,.024,2,.346,.444,0,0,,connapa01
437,LJ Cryer,24,GSW,PG,18,1,292,.402,23.0,.197,.009,.068,.060,.060,.803,.435,1.000,.500,.429,.286,.394,.500,.784,.000,0,.181,.176,0,0,,cryerlj01
438,Max Strus,29,CLE,SF,12,5,288,.443,20.6,.226,.151,.057,.019,.000,.774,.583,.625,.500,.500,,.402,.500,.939,.028,2,.268,.500,0,0,,strusma01
439,Lindy Waters III,28,SAS,SG,40,0,285,.375,23.3,.102,.057,.023,.011,.011,.898,.667,.600,.500,1.000,1.000,.342,.667,.926,.023,2,.278,.364,0,0,,waterli01
440,Blake Hinson,26,UTA,SF,14,3,285,.513,19.1,.313,.122,.122,.052,.017,.687,.611,.714,.643,.500,.000,.468,.864,.946,.035,3,.405,.656,0,0,,hinsobl01
441,Zach Edey,23,MEM,C,11,11,284,.633,5.2,.949,.418,.469,.061,.000,.051,.656,.732,.630,.333,,.200,.820,1.000,.194,17,.000,,0,0,,edeyza01
442,Jordan McLaughlin,29,SAS,PG,44,0,282,.418,15.2,.494,.241,.152,.089,.013,.506,.410,.632,.167,.286,.000,.425,.313,.882,.000,0,.425,.412,0,0,,mclaujo01
443,Keshad Johnson,24,MIA,SF,32,0,280,.490,12.0,.577,.423,.125,.019,.010,.423,.633,.773,.077,1.000,1.000,.295,.658,.923,.192,18,.364,.375,0,0,,johnske10
444,Malevy Leons,26,GSW,SF,25,2,276,.444,8.7,.778,.361,.375,.028,.014,.222,.500,.654,.370,.500,.000,.250,.536,1.000,.069,5,.688,.182,0,0,,leonsma01
445,Malaki Branham,22,WAS,SG,28,0,275,.473,13.2,.593,.253,.297,.033,.011,.407,.537,.609,.444,.667,1.000,.378,.552,.929,.033,2,.135,.200,0,0,,branhma01
446,Cormac Ryan,27,MIL,SG,11,2,271,.520,16.9,.422,.186,.147,.069,.020,.578,.605,.684,.667,.429,.000,.458,.385,.889,.010,1,.237,.357,0,0,,ryanco01
447,Chaz Lanier,24,DET,SG,34,0,262,.315,22.6,.247,.022,.022,.090,.112,.753,.409,.500,.000,.625,.300,.284,.778,.947,.000,0,.269,.167,0,0,,laniech01
448,Duop Reath,29,POR,C,32,0,258,.446,19.3,.257,.176,.081,.000,.000,.743,.526,.615,.333,,,.418,.700,.957,.027,1,.400,.455,0,0,,reathdu01
449,KJ Simpson,23,2TM,PG,20,2,257,.343,11.3,.596,.273,.182,.131,.010,.404,.373,.481,.278,.308,.000,.300,.273,.750,.020,2,.150,.500,0,0,,simpskj01
449,KJ Simpson,23,CHO,PG,14,2,223,.348,14.9,.562,.270,.157,.124,.011,.438,.380,.458,.286,.364,.000,.308,.316,.750,.011,1,.154,.500,0,0,,simpskj01
449,KJ Simpson,23,DEN,PG,6,0,34,.300,7.8,.900,.300,.400,.200,.000,.100,.333,.667,.250,.000,,.000,.000,,.100,1,.000,,0,0,,simpskj01
450,John Poulakidas,22,DAL,SG,13,0,253,.429,23.7,.154,.011,.011,.088,.044,.846,.571,1.000,.000,.375,1.000,.403,.875,.968,.000,0,.182,.571,0,0,,poulajo01
451,Jonathan Mogbo,24,TOR,PF,40,0,249,.591,3.6,.977,.545,.364,.068,.000,.023,.605,.625,.563,.667,,.000,.731,,.182,4,1.000,.000,0,0,,mogbojo01
452,Adama-Alpha Bal,22,MEM,SG,8,1,241,.412,18.3,.353,.176,.103,.044,.029,.647,.417,.667,.286,.000,.000,.409,.700,.833,.000,0,.318,.357,0,0,,balad01
453,Nate Williams,26,GSW,SG,14,2,239,.489,10.9,.659,.284,.364,.011,.000,.341,.517,.720,.375,.000,,.433,.667,.923,.068,5,.600,.333,0,0,,willije02
454,Drew Timme,25,LAL,PF,27,1,235,.576,14.0,.621,.182,.197,.227,.015,.379,.659,.833,.538,.667,.000,.440,.667,1.000,.000,0,.360,.556,0,0,,timmedr01
455,DeJon Jarreau,28,MEM,SG,11,0,231,.398,12.9,.639,.301,.157,.157,.024,.361,.547,.600,.615,.462,.000,.133,.552,1.000,.036,2,.267,.125,0,0,,jarrede01
456,Chris Paul,40,LAC,PG,16,0,228,.321,19.3,.464,.018,.125,.232,.089,.536,.308,1.000,.429,.154,.400,.333,.125,.500,.000,0,.133,.500,0,0,,paulch01
457,A.J. Lawson,25,TOR,SG,24,0,226,.436,14.8,.423,.295,.128,.000,.000,.577,.455,.565,.200,,,.422,.933,1.000,.051,3,.644,.448,0,0,,lawsoaj01
458,Lucas Williamson,27,MEM,SG,7,2,224,.333,19.2,.293,.173,.080,.040,.000,.707,.455,.538,.500,.000,,.283,.700,1.000,.000,0,.226,.250,0,0,,willilu01
459,JD Davison,23,HOU,PG,28,0,218,.375,16.6,.500,.078,.250,.156,.016,.500,.500,.800,.438,.400,1.000,.250,.375,1.000,.000,0,.219,.000,0,0,,davisjd01
460,Toby Okani,24,MEM,SG,6,4,217,.357,15.3,.557,.157,.214,.100,.086,.443,.410,.545,.400,.286,.333,.290,.688,.889,.043,1,.323,.100,0,0,,okanito01
461,PJ Hall,23,2TM,C,19,2,214,.508,7.5,.915,.644,.220,.017,.034,.085,.500,.632,.231,.000,.000,.600,.741,1.000,.254,9,.600,.667,0,0,,hallpj01
461,PJ Hall,23,MEM,C,7,0,27,.556,11.3,.667,.333,.333,.000,.000,.333,.667,1.000,.333,,,.333,1.000,1.000,.111,1,.333,.000,0,0,,hallpj01
461,PJ Hall,23,CHO,C,12,2,187,.500,3.7,.960,.700,.200,.020,.040,.040,.479,.600,.200,.000,.000,1.000,.696,1.000,.280,8,1.000,1.000,0,0,,hallpj01
462,Scotty Pippen Jr.,25,MEM,PG,10,6,212,.448,13.0,.667,.240,.198,.188,.042,.333,.516,.739,.316,.444,.500,.313,.455,.800,.010,1,.156,.000,0,0,,pippesc02
463,DaRon Holmes,23,DEN,PF,25,6,210,.508,19.8,.262,.164,.066,.033,.000,.738,.688,.700,.500,1.000,,.444,1.000,1.000,.148,7,.222,.600,0,0,,holmeda01
464,Yuki Kawamura,24,CHI,PG,18,0,209,.327,20.7,.288,.096,.019,.154,.019,.712,.400,.400,1.000,.375,.000,.297,.667,1.000,.000,0,.216,.250,0,0,,kawamyu01
465,RayJ Dennis,24,3TM,PG,17,0,206,.313,17.6,.458,.133,.193,.108,.024,.542,.316,.455,.250,.333,.000,.311,.583,.714,.000,0,.156,.000,0,0,,dennira01
465,RayJ Dennis,24,IND,PG,13,0,168,.306,17.5,.472,.125,.194,.125,.028,.528,.294,.333,.286,.333,.000,.316,.600,.750,.000,0,.158,.000,0,0,,dennira01
465,RayJ Dennis,24,LAC,PG,1,0,4,,,,,,,,,,,,,,,,,,0,,,0,0,,dennira01
465,RayJ Dennis,24,ATL,PG,3,0,34,.364,17.7,.364,.182,.182,.000,.000,.636,.500,1.000,.000,,,.286,.500,.500,.000,0,.143,.000,0,0,,dennira01
466,DeAndre Jordan,37,NOP,C,12,7,199,.656,1.9,1.000,.781,.188,.031,.000,.000,.656,.720,.500,.000,,,.619,,.313,9,,,0,0,,jordade01
467,Garrison Mathews,29,IND,SG,15,1,196,.404,23.3,.115,.058,.038,.019,.000,.885,.667,.333,1.000,1.000,,.370,1.000,1.000,.000,0,.370,.471,0,0,,mathega01
468,MarJon Beauchamp,25,PHI,SF,14,1,196,.434,18.2,.382,.184,.105,.053,.039,.618,.586,.786,.500,.500,.000,.340,.706,.813,.039,3,.213,.100,0,0,,beaucma01
469,Nigel Hayes-Davis,31,PHO,SF,27,0,195,.326,14.9,.652,.087,.283,.239,.043,.348,.433,.500,.538,.364,.000,.125,.385,1.000,.000,0,.188,.000,0,0,,hayesni01
470,Chris Youngblood,23,2TM,SG,34,0,185,.349,23.7,.143,.032,.063,.032,.016,.857,.444,1.000,.250,.500,.000,.333,.750,1.000,.000,0,.259,.357,0,0,,youngch01
470,Chris Youngblood,23,OKC,SG,32,0,174,.333,23.0,.150,.033,.067,.033,.017,.850,.444,1.000,.250,.500,.000,.314,.750,1.000,.000,0,.255,.308,0,0,,youngch01
470,Chris Youngblood,23,POR,SG,2,0,11,.667,24.4,.000,.000,.000,.000,.000,1.000,,,,,,.667,,1.000,.000,0,.333,1.000,0,0,,youngch01
471,Zach Collins,28,CHI,C,10,0,184,.578,10.8,.672,.422,.156,.078,.016,.328,.651,.778,.400,.400,1.000,.429,.821,1.000,.016,1,.429,.556,0,0,,colliza01
472,Dariq Whitehead,21,MEM,SF,6,2,183,.398,18.9,.355,.140,.151,.032,.032,.645,.545,.692,.357,1.000,.333,.317,.889,.947,.043,3,.167,.300,0,0,,whiteda01
473,Xavier Tillman Sr.,27,2TM,C,30,1,183,.435,11.5,.609,.261,.304,.043,.000,.391,.607,.667,.571,.500,,.167,.706,1.000,.022,0,.278,.000,0,0,,tillmxa01
473,Xavier Tillman Sr.,27,BOS,C,14,1,111,.452,14.3,.516,.194,.290,.032,.000,.484,.688,.833,.556,1.000,,.200,.727,1.000,.000,0,.333,.000,0,0,,tillmxa01
473,Xavier Tillman Sr.,27,CHO,C,16,0,72,.400,8.6,.800,.400,.333,.067,.000,.200,.500,.500,.600,.000,,.000,.667,,.067,0,.000,,0,0,,tillmxa01
474,Tre Scott,29,BRK,PF,6,4,182,.380,12.9,.620,.320,.140,.140,.020,.380,.419,.688,.000,.286,.000,.316,.692,.833,.100,4,.368,.286,0,0,,scotttr01
475,Jeff Green,39,HOU,PF,30,0,175,.368,19.9,.353,.118,.088,.074,.074,.647,.542,.625,.833,.400,.200,.273,.538,.917,.015,1,.341,.267,0,0,,greenje02
476,Mason Plumlee,35,2TM,C,20,3,172,.786,1.2,1.000,.857,.143,.000,.000,.000,.786,.917,.000,,,,.818,,.357,5,,,0,0,,plumlma01
476,Mason Plumlee,35,CHO,C,14,2,125,.750,1.4,1.000,.833,.167,.000,.000,.000,.750,.900,.000,,,,.889,,.333,4,,,0,0,,plumlma01
476,Mason Plumlee,35,SAS,C,6,1,47,1.000,0.9,1.000,1.000,.000,.000,.000,.000,1.000,1.000,,,,,.500,,.500,1,,,0,0,,plumlma01
477,Andersson Garcia,25,UTA,SF,5,2,169,.310,12.9,.552,.241,.310,.000,.000,.448,.500,.286,.667,,,.077,.625,1.000,.103,2,.308,.000,0,0,,garcian01
478,Tyler Smith,21,DAL,PF,12,0,166,.420,18.1,.300,.220,.060,.000,.020,.700,.733,.818,.667,,.000,.286,.545,1.000,.140,6,.486,.412,0,0,,smithty02
479,Hunter Tyson,25,DEN,PF,21,2,162,.269,18.1,.365,.135,.173,.019,.038,.635,.368,.714,.111,.000,.500,.212,.714,.857,.038,2,.212,.000,0,0,,tysonhu01
480,Nikola Topić,20,OKC,PG,10,2,160,.431,10.9,.706,.235,.392,.078,.000,.294,.444,.667,.350,.250,,.400,.500,.833,.000,0,.067,.000,0,0,,topicni01
481,Kevin McCullar Jr.,24,NYK,SF,21,0,155,.426,16.0,.489,.255,.128,.021,.085,.511,.522,.583,.500,1.000,.250,.333,.583,.750,.000,0,.250,.333,0,0,,mcculke01
482,Walker Kessler,24,UTA,C,5,5,154,.703,7.5,.784,.459,.324,.000,.000,.216,.690,.647,.750,,,.750,.600,1.000,.270,9,.250,1.000,0,0,,kesslwa01
483,Joe Ingles,38,MIN,SF,27,2,153,.593,17.8,.407,.222,.074,.000,.111,.593,.818,.833,1.000,,.667,.438,.778,.714,.000,0,.188,.333,0,0,,inglejo01
484,Charles Bassey,25,4TM,C,13,0,153,.660,3.1,1.000,.489,.362,.149,.000,.000,.660,.739,.647,.429,,,.710,,.191,8,,,0,0,,bassech01
484,Charles Bassey,25,MEM,C,2,0,31,.375,4.4,1.000,.375,.500,.125,.000,.000,.375,.667,.250,.000,,,.667,,.375,2,,,0,0,,bassech01
484,Charles Bassey,25,PHI,C,1,0,5,1.000,1.2,1.000,1.000,.000,.000,.000,.000,1.000,1.000,,,,,1.000,,1.000,1,,,0,0,,bassech01
484,Charles Bassey,25,BOS,C,5,0,17,.857,2.6,1.000,.714,.286,.000,.000,.000,.857,.800,1.000,,,,.667,,.143,1,,,0,0,,bassech01
484,Charles Bassey,25,GSW,C,5,0,100,.677,4.2,1.000,.452,.355,.194,.000,.000,.677,.714,.727,.500,,,.714,,.129,4,,,0,0,,bassech01
485,Adou Thiero,21,LAL,SF,25,0,149,.516,5.2,.903,.548,.355,.000,.000,.097,.536,.706,.273,,,.333,.867,1.000,.290,8,.000,,0,0,,thierad01
486,Thanasis Antetokounmpo,33,MIL,SF,34,0,148,.469,6.4,.875,.469,.375,.000,.031,.125,.536,.667,.417,,.000,.000,.667,,.219,7,.750,.000,0,0,,antetth01
487,Alijah Martin,24,TOR,SG,23,0,146,.320,13.6,.580,.300,.160,.120,.000,.420,.414,.533,.500,.000,,.190,.583,1.000,.020,1,.238,.000,0,0,,martial01
488,Amari Williams,24,BOS,PF,22,2,146,.500,3.4,1.000,.500,.450,.050,.000,.000,.500,.900,.111,.000,,,.800,,.250,5,,,0,0,,william01
489,Bismack Biyombo,33,SAS,C,25,1,141,.600,3.0,1.000,.667,.333,.000,.000,.000,.600,.800,.200,,,,.778,,.400,6,,,0,0,,biyombi01
490,Tolu Smith,25,DET,PF,15,0,137,.500,2.4,1.000,.611,.389,.000,.000,.000,.500,.682,.214,,,,.611,,.111,4,,,0,0,,smithto05
491,Pacôme Dadiet,20,NYK,SG,29,0,136,.333,19.5,.333,.146,.083,.063,.042,.667,.563,.857,.500,.333,.000,.219,.889,1.000,.021,1,.344,.182,0,0,,dadiepa01
492,Mac McClung,27,2TM,SG,11,0,135,.390,16.0,.492,.288,.153,.034,.017,.508,.552,.765,.222,.500,.000,.233,.563,.857,.000,0,.100,.000,0,0,,mccluma01
492,Mac McClung,27,IND,SG,3,0,34,.389,17.3,.444,.222,.167,.056,.000,.556,.625,.750,.333,1.000,,.200,.800,.500,.000,0,.000,,0,0,,mccluma01
492,Mac McClung,27,CHI,SG,8,0,101,.390,14.7,.512,.317,.146,.024,.024,.488,.524,.769,.167,.000,.000,.250,.455,1.000,.000,0,.150,.000,0,0,,mccluma01
493,Miles Kelly,23,DAL,PG,14,0,134,.364,20.1,.250,.091,.068,.023,.068,.750,.545,.750,.333,.000,.667,.303,.833,.900,.000,0,.606,.450,0,0,,kellymi02
494,Seth Curry,35,GSW,SG,10,0,133,.490,20.5,.490,.020,.122,.061,.286,.510,.500,1.000,.833,.333,.357,.480,.750,1.000,.000,0,.320,.625,0,0,,curryse01
495,Bradley Beal,32,LAC,SG,6,6,121,.375,16.1,.604,.125,.146,.208,.125,.396,.379,.500,.571,.200,.333,.368,.727,1.000,.000,0,.211,.250,0,0,,bealbr01
496,Kobe Bufkin,22,LAL,SG,16,1,119,.300,17.9,.480,.100,.240,.040,.100,.520,.417,1.000,.417,.000,.000,.192,.500,.800,.000,0,.192,.200,0,0,,bufkiko01
497,Kyle Lowry,39,PHI,PG,14,0,118,.160,26.7,.000,.000,.000,.000,.000,1.000,,,,,,.160,,1.000,.000,0,.080,.500,0,0,,lowryky01
498,Dereck Lively II,21,DAL,C,7,4,115,.611,2.0,1.000,.778,.222,.000,.000,.000,.611,.643,.500,,,,.727,,.444,8,,,0,0,,livelde01
499,Trey Alexander,22,NOP,SG,9,0,111,.514,14.3,.676,.135,.216,.243,.081,.324,.520,.800,.250,.556,.667,.500,.538,1.000,.000,0,.333,.500,0,0,,alexatr01
500,Omer Yurtseven,27,GSW,C,9,0,104,.423,7.4,.846,.385,.385,.077,.000,.154,.500,.400,.500,1.000,,.000,.545,,.115,2,.500,.000,0,0,,yurtsom01
501,Luke Travers,24,CLE,SG,12,0,103,.250,12.7,.556,.361,.167,.000,.028,.444,.400,.462,.333,,.000,.063,.625,1.000,.056,2,.250,.250,0,0,,travelu01
502,Patrick Baldwin Jr.,23,3TM,SF,9,1,102,.407,18.1,.481,.185,.259,.037,.000,.519,.385,.200,.429,1.000,,.429,.400,1.000,.037,1,.286,.250,0,0,,baldwpa01
502,Patrick Baldwin Jr.,23,LAC,SF,2,0,12,.750,21.6,.250,.000,.250,.000,.000,.750,1.000,,1.000,,,.667,.000,1.000,.000,0,.000,,0,0,,baldwpa01
502,Patrick Baldwin Jr.,23,PHI,SF,1,0,2,,,,,,,,,,,,,,,,,,0,,,0,0,,baldwpa01
502,Patrick Baldwin Jr.,23,SAC,SF,6,1,88,.348,14.6,.522,.217,.261,.043,.000,.478,.333,.200,.333,1.000,,.364,.500,1.000,.043,1,.364,.250,0,0,,baldwpa01
503,Alondes Williams,26,WAS,SG,4,0,101,.615,15.6,.462,.385,.038,.000,.038,.538,.917,1.000,1.000,,.000,.357,.727,1.000,.192,5,.286,.250,0,0,,willial06
504,Taj Gibson,40,MEM,C,10,1,97,.462,10.7,.769,.269,.308,.154,.038,.231,.450,.571,.500,.250,.000,.500,.889,1.000,.038,0,.833,.600,0,0,,gibsota01
505,Javonte Cooke,26,POR,SG,19,0,94,.220,16.6,.439,.171,.244,.024,.000,.561,.333,.286,.400,.000,,.130,.500,.667,.024,1,.217,.000,0,0,,cookeja01
506,Chris Boucher,33,BOS,PF,9,0,94,.320,16.8,.400,.240,.120,.000,.040,.600,.600,.833,.333,,.000,.133,.667,1.000,.040,1,.200,.000,0,0,,bouchch01
507,Isaiah Crawford,24,HOU,SF,14,0,92,.417,16.0,.458,.292,.042,.042,.083,.542,.636,.714,.000,1.000,.500,.231,.714,1.000,.083,2,.692,.333,0,0,,crawfis01
508,Haywood Highsmith,29,PHO,SF,7,0,91,.522,17.7,.391,.130,.217,.043,.000,.609,.444,.667,.200,1.000,,.571,.750,.875,.000,0,.143,.500,0,0,,highsha01
509,Johnny Juzang,24,MIN,SG,21,0,88,.421,19.1,.368,.105,.079,.132,.053,.632,.714,1.000,.333,.600,1.000,.250,.200,.667,.000,0,.375,.222,0,0,,juzanjo01
510,TyTy Washington Jr.,24,LAC,PG,16,0,88,.474,14.8,.579,.158,.316,.105,.000,.421,.545,.667,.667,.000,,.375,.500,.667,.053,1,.125,1.000,0,0,,washity02
511,Curtis Jones,24,DEN,SG,10,0,88,.407,20.1,.333,.037,.222,.074,.000,.667,.556,1.000,.333,1.000,,.333,.800,.667,.000,0,.111,.500,0,0,,jonescu01
512,Tristan Enaruna,24,CLE,SF,9,0,85,.500,10.4,.643,.393,.214,.036,.000,.357,.611,.818,.333,.000,,.300,.727,1.000,.036,1,.600,.167,0,0,,enarutr01
513,Koby Brea,23,PHO,SG,12,0,84,.417,22.7,.167,.083,.028,.056,.000,.833,.333,.667,.000,.000,,.433,.000,.846,.000,0,.167,.400,0,0,,breako01
514,Trey Jemison,26,NYK,C,13,0,82,.600,7.0,1.000,.100,.600,.300,.000,.000,.600,1.000,.500,.667,,,1.000,,.100,1,,,0,0,,jemistr01
515,Josh Oduro,25,NOP,PF,3,1,82,.647,6.7,.882,.529,.235,.118,.000,.118,.733,.889,.500,.500,,.000,.545,,.000,0,.500,.000,0,0,,odurojo01
516,Caleb Houstan,23,ATL,SF,18,0,75,.538,21.0,.192,.077,.115,.000,.000,.808,.600,1.000,.333,,,.524,1.000,1.000,.038,1,.333,.571,0,0,,houstca01
517,Eric Gordon,37,PHI,SG,6,0,74,.571,18.9,.333,.238,.095,.000,.000,.667,.571,.800,.000,,,.571,.750,1.000,.000,0,.143,1.000,0,0,,gordoer01
518,Keshon Gilbert,22,2TM,SG,4,0,74,.417,11.0,.750,.333,.333,.083,.000,.250,.556,1.000,.250,.000,,.000,.400,,.000,0,.333,.000,0,0,,gilbeke01
518,Keshon Gilbert,22,WAS,PG,3,0,48,.250,13.9,.500,.250,.250,.000,.000,.500,.500,1.000,.000,,,.000,.000,,.000,0,.000,,0,0,,gilbeke01
518,Keshon Gilbert,22,ATL,SG,1,0,26,.500,8.0,.875,.375,.375,.125,.000,.125,.571,1.000,.333,.000,,.000,.500,,.000,0,1.000,.000,0,0,,gilbeke01
519,Garrett Temple,39,TOR,SG,22,0,73,.267,22.0,.200,.000,.133,.067,.000,.800,.333,,.000,1.000,,.250,.000,1.000,.000,0,.333,.500,0,0,,templga01
520,David Roddy,24,DEN,PF,5,0,73,.500,10.6,.633,.500,.133,.000,.000,.367,.632,.667,.500,,,.273,.250,1.000,.100,2,.182,.000,0,0,,roddyda01
521,Bobi Klintman,22,DET,SF,12,0,71,.333,15.2,.519,.111,.370,.000,.037,.481,.357,.333,.400,,.000,.308,.800,1.000,.037,1,.308,.000,0,0,,klintbo01
522,David Jones García,24,SAS,SF,11,0,68,.520,7.7,.800,.520,.280,.000,.000,.200,.500,.385,.714,,,.600,.100,.667,.040,1,.000,,0,0,,jonesda06
523,Antonio Reeves,25,CHO,SG,10,0,68,.500,18.3,.350,.150,.100,.100,.000,.650,.429,.667,.000,.500,,.538,.667,1.000,.050,1,.462,.667,0,0,,reevean01
524,Kadary Richmond,24,WAS,SG,3,0,67,.625,9.1,.750,.438,.250,.063,.000,.250,.667,.857,.250,1.000,,.500,.500,1.000,.125,2,.250,.000,0,0,,richmka01
525,Monte Morris,30,IND,PG,6,0,65,.350,13.8,.600,.250,.200,.100,.050,.400,.417,.600,.250,.500,.000,.250,.600,1.000,.000,0,.375,.000,0,0,,morrimo01
526,Drew Peterson,26,CHO,PF,6,0,64,.125,20.2,.250,.188,.063,.000,.000,.750,.500,.667,.000,,,.000,.500,,.000,0,.417,.000,0,0,,peterdr01
527,Payton Sandfort,23,OKC,SF,4,0,63,.500,17.2,.346,.154,.192,.000,.000,.654,.667,.750,.600,,,.412,.833,1.000,.000,0,.471,.625,0,0,,sandfpa01
528,Dalano Banton,26,2TM,PG,6,0,62,.333,6.8,.917,.250,.500,.167,.000,.083,.364,.667,.000,1.000,,.000,.250,,.000,0,.000,,0,0,,bantoda01
528,Dalano Banton,26,LAC,PG,2,0,10,.750,4.6,1.000,.750,.000,.250,.000,.000,.750,.667,,1.000,,,.333,,.000,0,,,0,0,,bantoda01
528,Dalano Banton,26,BOS,PG,4,0,52,.125,9.1,.875,.000,.750,.125,.000,.125,.143,,.000,1.000,,.000,.000,,.000,0,.000,,0,0,,bantoda01
529,Wendell Moore Jr.,24,DET,SG,6,0,60,.571,5.8,.857,.286,.571,.000,.000,.143,.667,1.000,.500,,,.000,.500,,.143,1,1.000,.000,0,0,,moorewe01
530,DaQuan Jeffries,28,SAC,SG,3,0,60,.579,12.8,.526,.421,.105,.000,.000,.474,.700,.625,1.000,,,.444,.857,1.000,.158,3,.444,.750,0,0,,jeffrda01
531,Jahmir Young,25,MIA,PG,14,0,58,.400,12.9,.640,.240,.200,.200,.000,.360,.438,.500,.600,.200,,.333,.571,1.000,.000,0,.333,.667,0,0,,youngja05
532,James Wiseman,24,IND,C,4,1,58,.600,4.6,1.000,.500,.400,.000,.100,.000,.600,.800,.500,,.000,,.667,,.400,4,,,0,0,,wisemja01
533,Riley Minix,25,2TM,SF,9,0,58,.609,14.2,.478,.304,.130,.000,.043,.522,.909,1.000,.667,,1.000,.333,.400,1.000,.043,1,.583,.571,0,0,,minixri01
533,Riley Minix,25,SAS,SF,3,0,8,.667,13.1,.500,.500,.000,.000,.000,.500,1.000,1.000,,,,.333,.333,1.000,.167,1,.333,1.000,0,0,,minixri01
533,Riley Minix,25,CLE,SF,6,0,50,.588,15.3,.471,.235,.176,.000,.059,.529,.875,1.000,.667,,1.000,.333,.429,1.000,.000,0,.667,.500,0,0,,minixri01
534,Johni Broome,23,PHI,C,11,0,55,.167,9.0,.792,.333,.333,.125,.000,.208,.211,.375,.125,.000,,.000,.250,,.042,0,.200,.000,0,0,,broomjo01
535,Cody Martin,30,IND,SF,4,0,55,.200,15.5,.500,.100,.300,.100,.000,.500,.400,1.000,.333,.000,,.000,.500,,.100,1,.400,.000,0,0,,martico01
536,Lawson Lovering,22,MEM,C,2,1,49,.600,2.6,1.000,.500,.500,.000,.000,.000,.600,1.000,.200,,,,.667,,.500,4,,,0,0,,loverla01
537,Chris Mañon,24,LAL,SG,9,0,46,.333,14.3,.500,.333,.167,.000,.000,.500,.667,1.000,.000,,,.000,.500,,.000,0,.333,.000,0,0,,manonch01
538,Mouhamadou Gueye,27,CHI,PF,2,0,45,.545,11.4,.545,.545,.000,.000,.000,.455,.833,.833,,,,.200,.800,1.000,.182,2,.600,.333,0,0,,gueyemo01
539,Mo Bamba,27,2TM,C,4,0,44,.455,2.8,1.000,.727,.091,.182,.000,.000,.455,.500,.000,.500,,,.800,,.273,3,,,0,0,,bambamo01
539,Mo Bamba,27,TOR,C,2,0,6,.000,2.0,1.000,1.000,.000,.000,.000,.000,.000,.000,,,,,,,.000,0,,,0,0,,bambamo01
539,Mo Bamba,27,UTA,C,2,0,38,.556,3.7,1.000,.667,.111,.222,.000,.000,.556,.667,.000,.500,,,.800,,.333,3,,,0,0,,bambamo01
540,Zyon Pullin,24,MIN,SG,5,0,43,.692,10.2,.769,.308,.462,.000,.000,.231,.800,.750,.833,,,.333,.250,1.000,.077,1,.000,,0,0,,pullizy01
541,Isaiah Stevens,25,SAC,PG,3,0,43,.429,8.5,.857,.429,.286,.143,.000,.143,.500,.667,.500,.000,,.000,.667,,.000,0,.000,,0,0,,steveis01
542,John Tonje,24,BOS,SG,6,0,42,.286,19.6,.286,.143,.143,.000,.000,.714,.250,.000,.500,,,.300,1.000,1.000,.000,0,.200,.500,0,0,,tonjejo01
543,Hunter Dickinson,25,NOP,C,5,0,42,.357,12.9,.714,.000,.571,.143,.000,.286,.500,,.500,.500,,.000,.800,,.000,0,.250,.000,0,0,,dickihu01
544,Dario Šarić,31,SAC,C,5,0,41,.167,15.3,.500,.333,.000,.000,.167,.500,.000,.000,,,.000,.333,,1.000,.000,0,.667,.500,0,0,,saricda01
545,CJ Huntley,24,PHO,SF,4,0,40,.545,9.7,.727,.545,.091,.000,.091,.273,.750,.833,.000,,1.000,.000,1.000,,.364,3,.333,.000,0,0,,huntlcj01
546,Dillon Jones,24,NYK,SF,7,0,39,.222,18.3,.444,.222,.000,.222,.000,.556,.250,.500,,.000,,.200,.000,1.000,.000,0,.200,1.000,0,0,,jonesdi01
547,Olivier Sarr,26,CLE,C,4,0,39,.714,11.6,.571,.571,.000,.000,.000,.429,.750,.750,,,,.667,.667,1.000,.429,2,.000,,0,0,,sarrol01
548,Skal Labissière,29,WAS,PF,3,0,38,.600,16.5,.500,.200,.100,.100,.100,.500,1.000,1.000,1.000,1.000,1.000,.200,1.000,1.000,.100,1,.200,.000,0,0,,labissk01
549,Enrique Freeman,25,MIN,PF,4,0,37,.500,16.3,.500,.250,.000,.125,.125,.500,.500,.500,,.000,1.000,.500,1.000,1.000,.125,1,.750,.667,0,0,,freemen01
550,Max Shulga,23,BOS,SG,11,1,36,.250,19.3,.500,.125,.125,.125,.125,.500,.250,1.000,.000,.000,.000,.250,1.000,1.000,.000,0,.000,,0,0,,shulgma01
551,Markelle Fultz,27,TOR,PG,5,0,36,.182,10.6,1.000,.091,.364,.364,.182,.000,.182,1.000,.250,.000,.000,,.500,,.000,0,,,0,0,,fultzma01
552,Rocco Zikarsky,19,MIN,C,5,0,36,.625,5.7,1.000,.500,.375,.000,.125,.000,.625,.750,.667,,.000,,1.000,,.125,1,,,0,0,,zikarro01
553,Isaac Jones,25,2TM,PF,7,1,36,.429,10.6,.714,.571,.143,.000,.000,.286,.600,.750,.000,,,.000,.333,,.143,1,.500,.000,0,0,,jonesis01
553,Isaac Jones,25,SAC,PF,3,1,17,.500,14.0,.500,.500,.000,.000,.000,.500,1.000,1.000,,,,.000,.000,,.000,0,.000,,0,0,,jonesis01
553,Isaac Jones,25,DET,PF,4,0,19,.400,7.1,.800,.600,.200,.000,.000,.200,.500,.667,.000,,,.000,.500,,.200,1,1.000,.000,0,0,,jonesis01
554,Grant Nelson,23,BRK,PF,4,0,35,.556,4.1,1.000,.556,.333,.111,.000,.000,.556,.800,.333,.000,,,1.000,,.333,3,,,0,0,,nelsogr02
555,Emanuel Miller,25,CHI,PF,5,0,33,.462,15.2,.538,.231,.231,.000,.077,.462,.571,.333,.667,,1.000,.333,1.000,1.000,.000,0,.333,1.000,0,0,,milleem01
556,Jahmyl Telfort,24,LAC,PF,8,0,32,.000,24.1,.000,.000,.000,.000,.000,1.000,,,,,,.000,,,.000,0,.500,.000,0,0,,telfoja01
557,Sean Pedulla,23,LAC,PG,7,0,31,.333,20.9,.333,.000,.133,.133,.067,.667,.400,,.500,.500,.000,.300,.500,1.000,.000,0,.200,.000,0,0,,pedulse01
558,Harrison Ingram,23,SAS,SF,7,0,26,.833,6.9,.833,.500,.333,.000,.000,.167,.800,1.000,.500,,,1.000,.750,1.000,.000,0,.000,,0,0,,ingraha01
559,Hunter Sallis,22,PHI,SG,7,0,26,.600,5.4,1.000,.400,.400,.200,.000,.000,.600,.500,1.000,.000,,,.333,,.000,0,,,0,0,,sallihu01
560,Mark Sears,23,MIL,PG,7,0,26,.462,19.2,.385,.077,.154,.154,.000,.615,.400,1.000,.000,.500,,.500,.000,.750,.000,0,.000,,0,0,,searsma01
561,Orlando Robinson,25,ORL,C,4,1,25,.600,13.0,.600,.400,.200,.000,.000,.400,.667,1.000,.000,,,.500,1.000,1.000,.000,0,.000,,0,0,,robinor01
562,Hayden Gray,22,UTA,,1,0,25,.667,15.8,.667,.000,.333,.333,.000,.333,1.000,,1.000,1.000,,.000,.000,,.000,0,.000,,0,0,,grayha01
563,Vladislav Goldin,24,MIA,C,9,0,24,.750,1.5,1.000,.750,.250,.000,.000,.000,.750,.667,1.000,,,,1.000,,.250,1,,,0,0,,goldivl01
564,Norchad Omier,24,LAC,PF,6,0,24,.700,6.2,.900,.600,.200,.100,.000,.100,.778,.667,1.000,1.000,,.000,.857,,.100,1,.000,,0,0,,omierno01
565,Alex Morales,28,ORL,PG,4,0,24,.429,8.2,.857,.286,.429,.143,.000,.143,.500,1.000,.000,1.000,,.000,.000,,.000,0,.000,,0,0,,moralal01
566,Jayson Kent,23,POR,SF,5,0,22,.571,15.2,.429,.429,.000,.000,.000,.571,1.000,1.000,,,,.250,.667,1.000,.143,1,.250,.000,0,0,,kentja01
567,Alex Antetokounmpo,24,MIL,SF,6,0,21,.375,23.9,.125,.000,.000,.125,.000,.875,1.000,,,1.000,,.286,1.000,1.000,.000,0,.429,.333,0,0,,antetal01
568,Colin Castleton,25,ORL,C,4,0,21,.400,6.2,1.000,.200,.800,.000,.000,.000,.400,1.000,.250,,,,.500,,.000,0,,,0,0,,castlco01
569,Brandon Clarke,29,MEM,PF,2,2,20,.333,4.1,1.000,.556,.444,.000,.000,.000,.333,.400,.250,,,,.667,,.000,0,,,0,0,,clarkbr01
570,Jacob Toppin,25,ATL,SF,5,0,17,.667,4.8,1.000,.500,.167,.333,.000,.000,.667,1.000,.000,.500,,,.500,,.500,3,,,0,0,,toppija01
571,Chris Livingston,22,CLE,SF,3,0,17,.571,11.7,.571,.429,.143,.000,.000,.429,1.000,1.000,1.000,,,.000,.750,,.000,0,1.000,.000,0,0,,livinch01
572,Trevor Keels,22,MIA,SG,8,0,15,.250,21.8,.250,.083,.083,.000,.083,.750,.333,1.000,.000,,.000,.222,1.000,1.000,.000,0,.111,.000,0,0,,keelstr01
573,Buddy Boeheim,26,OKC,SF,4,0,15,.333,24.8,.000,.000,.000,.000,.000,1.000,,,,,,.333,,1.000,.000,0,.667,.500,0,0,,boehebu01
574,N'Faly Dante,24,ATL,C,4,0,15,.250,4.3,1.000,.500,.250,.250,.000,.000,.250,.500,.000,.000,,,1.000,,.250,1,,,0,0,,nfalyda01
575,Chucky Hepburn,22,TOR,PG,2,0,13,.000,23.0,.167,.000,.000,.167,.000,.833,.000,,,.000,,.000,,,.000,0,.000,,0,0,,hepbuch01
576,Tristen Newton,24,HOU,SG,1,0,12,.444,17.1,.444,.111,.222,.000,.111,.556,.500,.000,.500,,1.000,.400,1.000,1.000,.000,0,.400,.500,0,0,,newtotr01
577,Tosan Evbuomwan,24,NYK,SF,5,0,8,.000,6.2,1.000,.000,1.000,.000,.000,.000,.000,,.000,,,,,,.000,0,,,0,0,,evbuoto01
578,Stanley Umude,26,SAS,SG,2,0,7,.500,16.4,.500,.000,.500,.000,.000,.500,1.000,,1.000,,,.000,1.000,,.000,0,1.000,.000,0,0,,umudest01
579,Colby Jones,23,DET,SG,1,0,7,.333,16.9,.333,.000,.333,.000,.000,.667,1.000,,1.000,,,.000,.000,,.000,0,1.000,.000,0,0,,jonesco02
580,Noa Essengue,19,CHI,PF,2,0,6,.000,16.9,.333,.333,.000,.000,.000,.667,.000,.000,,,,.000,,,.000,0,.500,.000,0,0,,essenno01
581,Trentyn Flowers,20,CHI,SF,2,0,6,.667,8.3,.667,.667,.000,.000,.000,.333,1.000,1.000,,,,.000,.500,,.333,1,1.000,.000,0,0,,flowetr01
582,Darius Brown II,26,CLE,SG,1,0,3,.000,17.5,1.000,.000,.000,.000,1.000,.000,.000,,,,.000,,,,.000,0,,,0,0,,brownda04
,League Average,,,,,,,.471,13.9,.585,.231,.209,.095,.049,.415,.550,.703,.463,.446,.401,.360,.537,.854,.061,,.246,.387,,,,-9999